word,log_odds_ratio
aaron,0.16655
abbott,-0.19528
abc,0.53873
abdomen,-0.17371
abdominal,-0.05119
abilities,0.18955
ability,0.04953
able,0.12422
abnormal,-0.11639
abnormalities,-0.09357
abnormality,-0.33416
abnormally,-0.19474
absence,-0.03922
absolute,-0.87648
absolutely,-0.23807
absorb,0.14677
absorbed,0.31539
absorption,0.23467
abstract,0.41187
abuse,-0.35692
academic,0.13212
academy,0.04756
accelerated,0.33173
accept,0.03563
acceptance,-0.54824
accepted,-0.37361
access,-0.19969
accessible,-0.16742
accident,0.05667
accidents,-0.70943
accompanied,-0.19582
accompanies,0.04066
accompanying,-0.47334
according,-0.07253
account,-0.27841
accounted,-0.40745
accounting,0.20605
accounts,0.25245
accumulate,-0.24626
accuracy,0.26403
accurate,0.17285
accurately,0.15466
aches,-0.14986
achieve,-0.21308
achieved,-0.09498
acid,-0.06327
acids,-0.12177
acknowledged,-0.37622
acknowledges,-0.40745
acquired,0.26442
across,-0.34711
act,-0.23447
acting,-0.13779
action,-0.09205
actions,-0.24626
activate,-0.06922
activated,0.02338
activation,-0.11535
active,-0.01416
activities,-0.1252
activity,0.18163
acts,0.13212
actual,-0.04728
actually,-0.14356
acupuncture,0.0206
acute,-0.0235
ad,-0.05682
add,-0.19632
added,-0.26589
addicted,-0.19474
addiction,-0.59997
addictive,-0.23041
adding,-0.2482
addition,-0.10879
additional,-0.20924
additionally,0.23387
address,-0.29537
addressed,0.04066
addressing,-0.24626
adds,-0.40107
adequate,-0.87648
adequately,-0.24626
adhd,0.34455
adherence,-0.54824
adjust,0.06664
adjusted,0.3541
adjusting,-0.47035
administer,-0.17805
administered,-0.24585
administering,-0.11535
administration,-0.2405
admissions,0.04066
admitted,-0.26297
adolescent,0.30257
adolescents,-0.09796
adopt,-0.19528
adult,-0.28138
adulthood,-0.0177
adults,-0.24435
advance,-0.09339
advanced,-0.01594
advances,-0.01093
advantage,-0.04412
advantages,-0.34841
adverse,-0.42443
advertisement,-0.20465
advice,-0.27364
advise,0.02338
advised,-0.13923
adviser,-0.24626
advises,-0.5008
advisory,-0.18596
advocacy,-0.23851
advocate,-0.80073
advocates,-0.22252
aerobic,0.10819
affairs,-0.42719
affect,-0.10523
affected,0.16203
affecting,-0.23243
affects,-0.05501
affiliated,-0.09796
afford,-0.59437
affordable,-0.11623
afghanistan,-0.06955
afraid,-0.77232
africa,-0.14711
african,0.01068
afternoon,0.23387
afterward,-0.17805
afterwards,0.04066
ag,0.10904
age,-0.12786
aged,-0.02463
agency,-0.21799
agent,-0.07005
agents,-0.15413
ages,-0.06972
aggressive,-0.15657
aggressively,-0.26297
aging,0.03446
ago,-0.04725
agree,-0.39885
agreed,-0.29989
agreement,0.02848
agrees,-0.17805
aha,-0.33416
ahead,-0.08639
aid,-0.21308
aids,0.06274
ailments,-0.47035
aim,0.13445
aimed,-0.32192
aiming,-0.54824
aims,-0.19636
air,-0.035
airway,0.20605
airways,0.41187
al,-0.33416
alan,-0.19691
alarm,-0.63613
alarms,-0.59437
albania,-0.10452
albeit,0.10819
albert,-0.03123
alberta,0.05667
alcohol,0.11188
alcoholic,-0.0177
alert,-0.15712
alexander,-0.54824
algeria,-0.10452
algorithm,0.47141
alive,-0.30964
allergens,-0.06922
allergic,-0.19636
allergies,0.13212
allergy,-0.16452
alleviate,0.15597
allow,-0.06497
allowed,0.07531
allowing,0.02583
allows,-0.06262
almost,-0.21205
alone,-0.33413
along,-0.14554
alongside,-0.87648
alpha,0.10819
already,-0.20311
also,-0.14231
alter,-0.44168
altered,-0.11623
altering,-0.40745
alternative,0.07365
alternatives,-0.08816
although,-0.27958
altogether,-0.48194
always,0.03166
alzheimer,0.01434
amanda,-0.12901
amazing,0.09179
america,-0.05461
american,-0.2143
americans,-0.25407
amgen,-0.06922
amino,0.23467
among,-0.21669
amount,-0.15708
amounts,-0.06497
amplifications,-0.6743
amy,-0.34841
amyloid,-0.17805
analyses,0.15453
analysis,-0.10822
analyst,-0.55065
analysts,-0.15837
analyze,-0.24772
analyzed,-0.04517
analyzes,-0.06922
analyzing,0.05714
ancient,-0.26297
anderson,-0.29608
andorra,-0.10452
andrea,0.61828
andrew,-0.17299
anecdotal,-0.33416
anemia,-0.06922
anesthesia,0.25947
anesthetic,0.15453
angeles,-0.27548
anger,0.5887
angioplasty,0.06664
angola,-0.10452
anguilla,-0.10452
animal,-0.13373
animals,-0.34089
ann,0.30257
anna,0.01054
annals,-0.43916
anne,-0.29239
announced,-0.07091
announcement,-0.15712
annual,0.12087
annually,-0.10201
another,-0.21796
answer,-0.14021
answered,-0.80073
answers,-0.33861
anthony,-0.13708
anti,-0.05398
antibiotic,0.14677
antibiotics,0.00092
antibodies,0.05714
antibody,0.01063
anticipated,0.14677
antidepressant,-0.22818
antidepressants,-0.07056
antigen,-0.12234
antigua,-0.10452
antilles,-0.10452
antimicrobial,0.23387
antioxidant,-0.50287
antioxidants,-0.03151
antiviral,0.26442
antonio,-0.15712
anxiety,0.0576
anxious,0.23547
anybody,-0.33416
anymore,0.01058
anyone,-0.40769
anything,-0.35405
anyway,-0.44168
anywhere,-0.37622
ap,-0.31579
apart,-0.10201
apnea,0.04066
app,0.3343
apparent,-0.21793
apparently,-0.24772
appeal,-0.44001
appealing,-0.29239
appear,-0.22656
appearance,-0.19528
appeared,-0.20314
appears,-0.05421
appetite,-0.06989
apples,0.33173
applicable,-0.23041
application,-0.03151
applications,0.02848
applied,-0.1252
apply,-0.14539
applying,0.07348
appointment,-0.6743
approach,-0.03085
approached,0.16655
approaches,-0.18101
appropriate,-0.3644
approval,-0.05226
approve,-0.19636
approved,-0.13537
approximately,-0.18385
apps,-0.0177
april,-0.0019
arab,-0.10452
arabia,-0.10452
arbor,0.26442
archives,-0.15057
area,0.04397
areas,0.04533
argentina,-0.10452
argue,-0.39302
argued,-0.34841
argues,-0.54824
argument,-0.52545
arizona,-0.06922
arm,-0.16225
armenia,-0.10452
arms,-0.10201
army,-0.15712
aromatase,-0.0177
around,0.05974
array,-0.06939
arrive,-0.6743
arrived,-0.04452
art,0.41246
arteries,0.0791
artery,0.07313
arthritis,0.15014
arthur,0.26442
article,-0.22635
artificial,0.59737
aruba,-0.13708
asia,-0.06922
asian,0.10819
ask,-0.36292
asked,-0.14822
asking,-0.59997
asks,-0.37232
asleep,-0.03922
aspect,-0.23041
aspects,-0.09796
aspirin,-0.27841
assess,0.04253
assessed,-0.24919
assessing,-0.44001
assessment,0.10968
assessments,0.27363
assign,-0.59437
assigned,-0.49562
assistance,-0.0177
assistant,-0.12957
assisted,-0.00181
associate,-0.09679
associated,-0.10706
association,-0.19848
associations,-0.19528
assume,0.05667
assuming,-0.0177
asthma,0.06499
astrazeneca,-0.49875
ate,-0.035
athlete,0.33173
athletes,0.10925
atlanta,-0.27705
atrial,0.1084
atrophy,0.23387
attach,-0.24626
attached,-0.02567
attack,-0.18665
attacks,-0.08396
attempt,0.07348
attempts,-0.19636
attended,-0.15712
attending,-0.34841
attention,-0.28189
attributed,-0.23041
atypical,-0.59437
aug,-0.28098
august,-0.21085
australia,-0.17297
australian,0.05009
austria,-0.19582
author,-0.15016
authored,-0.85263
authors,-0.20959
autism,0.11033
autistic,-0.47035
autoimmune,-0.04265
automatically,0.10819
available,-0.19267
average,-0.19467
averaged,0.18854
avoid,-0.00618
avoided,-0.52545
avoiding,-0.25697
awaiting,-0.27158
awake,-0.19528
aware,-0.09918
awareness,-0.11711
away,-0.02221
azerbaijan,-0.13708
babies,0.03533
baby,-0.0797
back,-0.13587
backed,-0.61872
background,0.32516
backs,-0.19474
bacteria,0.0791
bacterial,0.17652
bacterium,-0.24626
bad,-0.09334
bag,-0.54824
bahamas,-0.10452
bahrain,-0.10452
baker,-0.54824
balance,-0.11212
balanced,-0.29239
ball,-0.16742
baltimore,-0.15837
band,-0.22252
bangladesh,-0.10452
bank,0.04066
baptist,0.23387
bar,-0.63613
barbados,-0.10452
barbara,-0.06922
barbuda,-0.13708
barcelona,-0.59437
barely,-0.10452
bariatric,-0.77232
barrier,-0.01782
base,-0.22252
based,-0.2484
baseline,-0.06955
basic,-0.29702
basically,-0.05529
basis,-0.06111
basketball,-0.19474
bathroom,0.05667
battery,0.20033
battle,0.0854
bay,-0.05119
bayer,-0.19528
baylor,-0.16742
beach,0.36152
beans,0.07348
bear,0.14138
beat,0.16778
beating,-0.6743
beautiful,0.33173
beauty,0.23387
became,-0.06594
beck,-0.24626
become,-0.05214
becomes,0.02101
becoming,-0.26296
bed,-0.17299
bedtime,-0.37232
began,-0.4408
begin,-0.13142
beginning,-0.08554
begins,-0.13779
begun,-0.14711
behavior,-0.11217
behavioral,-0.31682
behaviors,-0.07022
behind,-0.1596
belarus,-0.10452
belgium,-0.15837
belief,-0.31579
believe,-0.01295
believed,-0.03446
believes,-0.26607
belize,-0.10452
belly,-0.63613
beneficial,-0.25459
benefit,-0.2345
benefited,-0.22252
benefiting,-0.54824
benefits,-0.33023
benign,0.10968
benin,-0.10452
bermuda,-0.19582
berries,0.49142
berry,0.04066
besides,-0.37491
best,-0.17272
bet,0.26442
beta,-0.09498
beth,-0.19582
better,-0.1528
beverages,-0.82743
beyond,-0.4228
bhutan,-0.10452
bias,-0.52545
big,-0.1388
bigger,-0.11292
biggest,-0.25057
bike,0.04066
bill,-0.56926
billion,-0.217
bind,-0.59437
binds,-0.54824
biochemistry,0.04066
biological,-0.07143
biology,-0.17609
biomarker,-0.16742
biomarkers,0.21733
biomedical,0.35312
biopsies,0.03708
biopsy,0.09703
biotech,-0.35605
biotechnology,-0.26297
bipolar,-0.06939
birmingham,-0.6743
birth,-0.17051
births,-0.11535
bisphosphonates,-0.33416
bissau,-0.10452
bit,-0.51328
bite,0.04066
black,-0.3107
bladder,0.00092
blanket,-0.54824
bleeding,-0.27844
blind,-0.03604
blindness,-0.19636
bloating,0.14677
block,0.0222
blockage,-0.06939
blockages,-0.11535
blocked,0.02338
blockers,-0.37232
blocking,-0.07213
blocks,-0.01794
blog,-0.16742
blood,-0.0415
bloodstream,0.05468
bloomberg,0.16655
blown,0.06664
blue,-0.21793
blueberries,0.16655
bmi,-0.15712
bmj,-0.49875
board,-0.08228
bodies,-0.19857
bodily,0.65661
body,-0.12822
bolivia,-0.10452
bone,-0.14761
bones,-0.21176
book,-0.39747
books,-0.40745
boost,-0.07195
boosted,0.23547
booster,0.01054
boosting,0.16115
boosts,-0.0177
born,-0.13997
bosnia,-0.10452
boston,-0.26749
botox,0.16655
botswana,-0.13708
bottle,-0.94128
bottom,-0.60282
bought,-0.49875
bouts,-0.06922
bowel,0.1265
box,-0.39049
boy,-0.19582
boys,-0.23243
brain,-0.06059
brains,-0.10219
branch,0.01054
brand,-0.20984
brands,-0.19528
brawley,-0.59437
brazil,-0.01782
brca,0.06664
bread,-0.29331
break,-0.32506
breakdown,-0.59437
breakfast,0.06664
breaking,0.02848
breaks,0.10882
breakthrough,-0.01412
breast,-0.06535
breasts,0.10819
breath,0.17421
breathe,0.13744
breathing,-0.08168
brian,-0.04452
brief,-0.37754
briefing,0.41246
brigham,-0.13137
bright,-0.19582
bring,-0.155
bringing,-0.32171
brings,-0.34841
bristol,0.13212
britain,0.26885
british,-0.05752
broad,0.05304
broader,-0.17805
broadly,-0.24626
broccoli,0.23387
broke,-0.19474
broken,0.13212
brooklyn,-0.29239
brother,-0.70943
brought,-0.07005
brown,-0.19636
browser,0.02583
bruce,-0.49875
brunei,-0.10452
brush,-0.24626
bryan,-0.54824
build,-0.06023
building,-0.12234
builds,-0.32171
buildup,-0.89913
built,-0.01782
bulgaria,-0.13708
bullet,-0.80073
burden,0.20033
burkina,-0.10452
burn,-0.19582
burning,-0.11015
burundi,-0.10452
business,0.07114
butter,-0.19474
button,-0.22252
buy,-0.3455
buying,-0.29239
buzzfeed,-0.54824
bypass,-0.18385
caffeine,-0.14986
caicos,-0.10452
calcium,0.16449
calculated,0.02338
caledonia,-0.10452
calif,-0.43916
california,-0.37734
call,-0.26981
called,-0.08535
calling,-0.23851
calls,-0.14987
calm,0.10819
calorie,-0.42012
calories,-0.04515
cambodia,-0.10452
cambridge,0.16115
came,-0.25337
camera,-0.11623
cameroon,-0.10452
campaign,0.15453
campaigns,-0.0177
campus,-0.06922
canada,-0.20083
canadian,-0.53632
cancer,-0.04802
cancerous,0.16422
cancers,-0.08471
candidate,-0.01093
candidates,-0.21085
cannabis,-0.06922
cannot,-0.19195
capable,-0.22252
capacity,0.21989
cape,-0.10452
capital,-0.77232
capsules,-0.73012
caption,-0.23292
car,-0.36493
carbohydrate,-0.19528
carbohydrates,0.05714
carcinoma,-0.24626
cardiac,0.09092
cardiologist,-0.11212
cardiologists,-0.13708
cardiology,-0.21742
cardiovascular,-0.28924
care,-0.22097
career,-0.03123
careful,-0.63538
carefully,-0.39984
caring,-0.11535
carolina,0.07961
carried,0.15182
carries,-0.13851
carry,-0.52521
carrying,0.05714
cartilage,0.05667
case,-0.10908
cases,-0.08652
cataracts,0.16655
catch,-0.37754
catching,-0.47035
category,-0.27705
catheter,0.20787
caught,-0.11623
cause,-0.055
caused,-0.07091
causes,-0.10762
causing,0.00166
caution,-0.41251
cautioned,-0.29712
cautions,0.01058
cautious,-0.26536
cautiously,0.04066
caveat,-0.34841
caveats,0.01058
cayman,-0.10452
cbs,0.48431
cdc,-0.31256
cedars,0.14677
celiac,0.5887
cell,0.01801
cells,0.04254
cellular,-0.87648
center,-0.19423
centers,-0.3659
central,-0.11212
centre,0.28758
centuries,0.5887
century,-0.22252
ceo,-0.04265
cereals,-0.33416
certain,-0.09692
certainly,-0.14222
certainty,-0.15712
certified,-0.06989
cervical,-0.39747
cessation,-0.80073
chad,-0.19582
chain,-0.70943
chair,0.08861
chairman,-0.31682
challenge,-0.23807
challenges,-0.07005
challenging,-0.21793
chamber,0.23387
chan,-0.59437
chance,-0.24459
chances,-0.00479
chang,0.49142
change,-0.14969
changed,-0.09205
changer,-0.01782
changes,-0.07281
changing,-0.18799
characteristics,-0.06922
characterized,0.31739
charge,-0.32933
charity,0.36152
charles,-0.13708
chart,-0.54824
chase,-0.06922
cheap,0.0206
cheaper,0.03184
check,-0.156
checked,-0.87648
checking,0.1084
chemical,-0.00288
chemicals,0.04144
chemistry,-0.26297
chemo,-0.24772
chemotherapy,0.04756
chest,-0.23292
chicago,0.06367
chicken,0.01054
chief,-0.19941
child,0.02241
childhood,-0.21977
children,-0.12655
chile,-0.10452
china,-0.19801
chinese,-0.05345
chocolate,-0.03123
choice,-0.40998
choices,-0.55308
cholesterol,-0.10371
choose,-0.20256
choosing,-0.29331
chose,-0.22252
chosen,-0.29423
chris,0.1084
christopher,-0.32171
chromosome,-0.06922
chronic,0.13776
cigarette,-0.06972
cigarettes,-0.55065
cincinnati,0.05667
circulating,-0.37361
circulation,0.27863
circumstances,-0.77232
cited,-0.19528
citing,-0.49875
city,-0.13324
civil,-0.29331
claim,-0.52691
claimed,-0.59437
claims,-0.42196
class,0.03131
classes,-0.42012
classic,-0.33416
classified,-0.12466
clean,-0.14986
clear,-0.30774
clearance,-0.23041
cleared,-0.09047
clearer,-0.40745
clearing,0.23387
clearly,-0.26607
cleveland,0.02374
click,0.10925
clicking,-0.44678
clients,0.23467
clinic,-0.17414
clinical,-0.22154
clinically,-0.10949
clinician,-0.13708
clinicians,-0.52996
clinics,-0.23243
clock,0.02338
clogged,-0.40745
close,-0.03609
closed,0.0206
closely,0.15466
closer,-0.15677
clot,-0.21308
clots,-0.21742
clotting,-0.29423
cnn,-0.00942
co,-0.09104
cochrane,-0.52545
cocktail,0.07348
coffee,-0.18129
cognition,-0.19582
cognitive,0.06786
cohen,-0.06939
cold,-0.47789
colds,-0.24626
collaboration,-0.34841
colleague,0.23387
colleagues,-0.12309
collect,-0.09796
collected,-0.12177
collection,-0.37232
college,0.00563
colombia,-0.13708
colon,0.03894
colonoscopies,0.16655
colonoscopy,0.05714
color,0.08233
colorado,0.06274
colorectal,-0.00681
colored,0.04066
columbia,-0.42517
column,0.10819
com,-0.1541
combat,-0.24919
combination,-0.04692
combinations,0.15453
combine,-0.32171
combined,0.04777
combines,0.26661
combining,-0.17371
come,-0.30197
comes,-0.2136
comfort,0.23387
comfortable,-0.36112
coming,-0.11415
comment,-0.4887
commentary,-0.39084
commenting,0.23467
comments,-0.26536
commercial,0.15597
commercially,-0.17371
commission,0.02848
committee,-0.38982
common,-0.05878
commonly,0.00543
communicate,-0.23041
communication,0.0581
communities,0.33173
community,-0.20551
comoros,-0.10452
companies,-0.24704
company,-0.14814
comparable,-0.51661
compare,-0.07108
compared,-0.20797
compares,-0.37232
comparing,-0.34554
comparison,-0.32355
comparisons,-0.59437
compelling,-0.31579
compensate,-0.37232
complaints,-0.0177
complementary,-0.15837
complete,-0.02133
completed,-0.22774
completely,-0.01134
completing,0.26442
complex,0.0222
compliance,-0.24626
complicated,-0.18385
complication,-0.06989
complications,-0.27548
component,-0.11711
components,0.07114
composition,-0.19474
compound,0.06644
compounds,0.12226
comprehensive,-0.35103
compulsive,-0.15712
computed,0.06664
computer,0.30443
concentrated,0.26442
concentration,0.05009
concentrations,0.02338
concept,0.04646
concern,-0.43357
concerned,-0.19857
concerns,-0.4461
conclude,-0.12901
concluded,-0.22231
concludes,-0.47035
conclusion,-0.44337
conclusions,-0.25372
conclusive,-0.04452
concrete,-0.29239
condition,0.02407
conditions,-0.10951
conduct,-0.24919
conducted,-0.22677
conducting,0.07849
conference,-0.05911
confidence,0.0206
confident,-0.59437
confirm,-0.03271
confirmation,-0.23851
confirmed,0.11211
confirms,-0.22252
conflicting,-0.26297
confusion,-0.33637
congo,-0.10452
congress,-0.09357
conjunction,-0.63613
connect,-0.19474
connected,-0.37622
connecticut,-0.54824
connecting,0.10819
connection,-0.11711
connections,0.04092
cons,-0.54824
conscious,0.15453
consensus,-0.47035
consequences,-0.50287
consider,-0.21652
considerable,0.04092
considerably,-0.15712
consideration,-0.29239
considered,-0.21526
considering,-0.3281
considers,-0.0177
consistent,-0.30964
consistently,-0.87648
consists,0.20605
constant,0.10882
constantly,0.10819
constipation,-0.15837
consult,0.10882
consultant,-0.06023
consulted,-0.37232
consulting,-0.00666
consume,-0.18596
consumed,0.08368
consumer,-1.10778
consumers,-0.29608
consuming,-0.31992
consumption,0.05429
contact,0.06644
contain,-0.2014
contained,0.13212
containing,-0.15047
contains,-0.25057
content,-0.38292
context,-0.15712
continue,-0.18311
continued,-0.16624
continues,-0.19746
continuing,-0.11711
continuous,0.10947
contraception,-0.29239
contraceptive,-0.40745
contract,-0.6743
contrast,-0.17633
contribute,-0.13173
contributed,0.06664
contributes,-0.29239
contributing,-0.19528
contributor,-0.19474
control,-0.13206
controlled,-0.10822
controlling,-0.11015
controls,-0.11711
controversial,-0.57768
controversy,-0.16452
convenient,0.04066
conventional,0.00094
conversation,-0.67784
conversations,0.04066
convince,-0.63613
convinced,-0.84586
convincing,-0.77232
cook,-0.14986
cookie,-0.02567
cookies,-0.23851
cooking,0.20605
cool,-0.33416
coordinated,0.16655
coordination,-0.10452
cope,0.41305
copenhagen,-0.54824
copies,-0.06939
coping,0.34455
copy,-0.19474
copyright,-0.24626
cord,0.00092
core,-0.37361
cornell,-0.29331
coronary,0.01767
corp,-0.04832
correct,-0.10201
correction,0.04066
corrections,-0.80073
correctly,-0.08816
correlation,0.01054
cortex,0.49142
cosmetic,0.23547
cost,-0.37955
costa,-0.00666
costing,-0.37232
costly,-0.22818
costs,-0.50786
cote,-0.10452
cough,-0.19528
could,-0.07648
council,-0.44001
counsel,-0.54824
counseling,-0.79163
count,-0.11623
counter,-0.18303
counterparts,0.16655
countries,-0.34184
country,-0.18852
counts,-0.16742
couple,-0.13325
couples,0.33173
course,-0.0796
courtesy,-0.23041
cousin,-0.19474
cover,-0.38156
coverage,-0.37622
covered,-0.18303
covering,-0.37232
covers,-0.57451
cramps,0.04066
crash,-0.0177
cravings,-0.37232
crazy,-0.11535
cream,-0.10452
creams,-0.10452
create,-0.01494
created,0.00557
creates,-0.04452
creating,-0.15837
credible,-0.24626
credit,0.10819
crestor,-0.06922
crisis,-0.29331
criteria,-0.29608
critical,-0.00479
critically,0.01054
critics,-0.71336
croatia,-0.10452
cross,-0.94128
crucial,-0.11711
crying,0.04066
ct,-0.08228
cuba,-0.13708
culprit,-0.0177
culture,0.10819
cup,0.04764
cups,-0.26297
curb,-0.06922
cure,-0.07936
cured,-0.21502
curing,-0.40745
curious,-0.40745
current,-0.09149
currently,-0.08461
customers,-0.70943
customized,-0.59437
cut,-0.21795
cuts,-0.25819
cutting,-0.29702
cycle,0.04118
cycles,-0.22252
cyprus,-0.03922
czech,-0.00666
daily,-0.27027
dairy,0.02338
dallas,-0.24772
damage,0.04172
damaged,0.21033
damaging,0.13445
dana,0.05714
dangerous,-0.14605
dangerously,0.16655
daniel,-0.23851
danish,-0.33416
dark,-0.07005
darussalam,-0.10452
data,-0.24121
database,-0.6393
date,-0.27493
daughter,0.20973
david,-0.29047
davis,-0.09796
day,-0.14619
days,-0.03578
de,0.20605
deaconess,-0.33416
dead,0.07849
deadliest,0.16655
deadly,-0.14539
deal,-0.06023
dealing,-0.6743
dean,-0.11535
death,-0.11516
deaths,-0.36768
debate,-0.57029
debated,-0.06922
debilitating,0.21161
dec,0.14844
decade,-0.32832
decades,-0.15594
december,-0.13173
decent,-0.19582
decide,-0.70357
decided,-0.21799
deciding,-0.87648
decision,-0.26666
decisions,-0.17609
decline,-0.07954
declined,-0.25696
declines,-0.44001
declining,-0.59437
decrease,-0.05835
decreased,-0.08908
decreases,-0.14986
decreasing,0.01054
deemed,-0.29423
deep,-0.08834
defect,-0.03922
defective,-0.54824
defects,-0.17805
defense,-0.10452
defibrillator,0.1084
defibrillators,-0.24626
deficiencies,-0.11535
deficiency,-0.12466
deficient,0.10819
deficit,-0.03922
deficits,-0.11535
defined,-0.32487
definitely,-0.19857
definition,-0.33416
definitive,-0.21085
definitively,-0.33416
degeneration,0.02338
degenerative,-0.16742
degree,-0.19746
degrees,-0.14986
delay,-0.36802
delayed,0.05009
delays,-0.70943
delicate,-0.19474
deliver,-0.29892
delivered,-0.39871
delivering,-0.29331
delivers,0.25023
delivery,-0.37754
demand,-0.03922
dementia,0.14082
democratic,-0.10452
demonstrate,-0.05119
demonstrated,0.33865
demonstrates,0.25644
denise,-0.24626
denmark,-0.19691
dennis,-0.06989
dense,-0.59437
density,-0.36112
dental,-0.0177
dentist,-0.0177
dentistry,-0.11535
denver,0.05009
department,-0.02742
departments,-0.24626
depend,0.1084
dependent,0.02848
depending,-0.23456
depends,-0.25819
deposits,-0.06922
depressed,0.07718
depression,-0.12845
depressive,0.21468
depth,-0.11535
deputy,-0.71336
derived,-0.07022
dermatologist,-0.27158
dermatologists,-0.19474
dermatology,-0.17805
describe,-0.44168
described,-0.03015
describes,0.28758
design,-0.17872
designed,0.08633
designing,0.10819
designs,0.23387
desire,0.04092
desperate,-0.12466
despite,-0.44286
destroy,0.0206
destroying,0.15453
destroys,0.71556
destruction,-0.06922
detail,0.05667
detailed,-0.14711
details,-0.37887
detect,0.17687
detected,-0.05461
detecting,0.07114
detection,0.12383
detects,0.10861
deterioration,0.04066
determine,-0.00262
determined,-0.04515
determining,-0.09357
detroit,-0.29239
devastating,-0.25819
develop,0.06681
developed,-0.07455
developers,0.49142
developing,-0.0505
development,0.1493
developmental,-0.21308
develops,-0.06939
device,0.06897
devices,0.00016
diabetes,-0.15535
diabetic,-0.10452
diabetics,0.15453
diagnose,0.08077
diagnosed,0.05967
diagnoses,-0.01794
diagnosing,0.32574
diagnosis,0.03899
diagnostic,0.06644
diagnostics,-0.15712
diarrhea,0.02909
die,-0.20548
died,-0.17865
diego,-0.43593
diet,-0.14529
dietary,-0.30575
dietitian,0.05667
diets,-0.24263
differ,-0.33416
difference,-0.38283
differences,-0.10616
different,-0.11392
differentiate,0.33173
differently,-0.19636
difficult,-0.18013
difficulties,0.20033
difficulty,0.07438
digest,-0.19474
digestive,0.03184
digital,-0.17371
dimensional,0.46516
diminished,-0.44001
dinner,0.15453
direct,-0.25068
directed,0.05667
direction,0.07348
directions,0.04066
directly,-0.12278
director,-0.21285
directs,-0.06972
disability,0.09335
disabled,-0.47035
disabling,-0.63613
disagree,-0.0177
disappear,-0.03922
disappeared,-0.80073
disappointed,-0.24626
disappointing,-0.70943
discomfort,-0.21502
discover,-0.29239
discovered,-0.16225
discovery,0.20475
discuss,-0.08301
discussed,0.05667
discussing,-0.06922
discussion,-0.44168
disease,-0.13976
diseased,0.33173
diseases,-0.02106
dishes,-0.24626
disorder,-0.00137
disorders,-0.06617
disrupting,0.5887
dissolve,-0.33416
distance,0.14677
distinct,0.04066
distinguish,0.28899
distress,-0.04452
distribution,-0.19474
disturbances,-0.06922
diverse,-0.29239
divided,0.20787
division,-0.27532
dizziness,-0.14986
djibouti,-0.10452
dna,-0.07143
doctor,-0.02446
doctors,-0.09113
documented,-0.29239
dog,-0.19528
dogs,-0.0177
doheny,-0.37232
dollar,-0.0177
dollars,-0.45024
dominica,-0.10452
dominican,-0.10452
donald,-0.29239
donated,0.30257
done,-0.06807
donor,-0.09357
donors,0.18854
door,-0.03922
dopamine,-0.40745
dosage,-0.04832
dosages,-0.19474
dose,-0.20857
doses,-0.33217
dosing,-0.47035
dotinga,-0.19474
double,-0.14146
doubled,-0.14986
doubt,-0.27158
douglas,-0.15837
dowjones,-0.6743
downside,-0.11623
downsides,-0.77232
dozen,-0.73982
dozens,-0.57451
dr,-0.25205
dramatic,-0.02239
dramatically,0.11033
drank,0.04764
drastic,-0.54824
draw,-0.09047
drawing,-0.03123
drawn,-0.39747
dreams,0.04066
dress,-0.19474
dried,0.25644
drink,-0.04912
drinkers,-0.04452
drinking,0.14393
drinks,-0.13779
drive,-0.09498
driven,-0.17371
driving,0.19058
drop,-0.217
dropped,-0.19429
drops,0.14138
drove,-0.59437
drug,-0.16208
drugmaker,0.44918
drugs,-0.19258
dry,-0.12901
dryness,0.34455
dual,-0.63613
dubbed,0.41187
due,-0.16458
duke,-0.21977
dummy,-0.85263
durable,-0.63613
duration,-0.12627
durham,-0.57451
dutch,0.10819
dying,-0.30575
dysfunction,0.13026
eager,-0.54824
ear,0.07849
earlier,-0.13794
earliest,0.25245
early,-0.04492
ears,0.10819
ease,0.03184
easier,0.0744
easily,0.10197
easing,-0.37232
east,0.02848
eastern,-0.11535
easy,0.04526
eat,-0.11749
eaten,0.10819
eating,-0.03368
eats,-0.24626
economic,0.20605
ecuador,-0.16742
eczema,-0.24626
ed,0.36152
edge,-0.36112
edition,0.04764
editor,-0.17805
editorial,-0.42929
editors,0.30897
educated,-0.54824
education,-0.14539
educational,0.16655
edward,-0.70943
effect,-0.24517
effective,-0.1793
effectively,0.27374
effectiveness,-0.0796
effects,-0.23609
efficacy,-0.20314
efficiency,0.10819
efficient,0.28899
efficiently,0.26442
effort,-0.13373
efforts,-0.18933
egg,0.08233
eggs,0.08233
egypt,-0.00666
eight,-0.16465
einstein,-0.37232
either,-0.28425
el,-0.03922
elderly,0.00393
electric,-0.31579
electrical,0.1234
electrodes,-0.09357
electromagnetic,0.41246
electronic,0.08233
elevated,-0.07056
eli,-0.15712
eligible,-0.22818
eliminate,-0.16452
eliminated,-0.26297
eliminating,-0.16742
elizabeth,-0.23851
else,-0.29248
elsewhere,-0.17805
email,-0.44789
emails,-0.43916
embryos,-0.19474
emerged,-0.70943
emergency,-0.10424
emerging,-0.17805
emeritus,-0.40745
emily,-0.74199
emirates,-0.10452
emory,-0.33637
emotional,-0.05345
emotions,0.01054
emphasis,-0.19474
emphasize,-0.54824
emphasized,-0.63613
emphasizes,-0.15712
emphysema,0.16655
employees,0.05667
empty,-0.52545
en,0.0243
enable,0.41423
enables,0.5887
encourage,-0.33052
encouraged,-0.01293
encourages,0.26442
encouraging,-0.07178
end,-0.10435
ended,-0.40178
endocrine,-0.54824
endocrinologist,-0.23041
endocrinology,0.05667
endometrial,-0.29331
ends,-0.37361
endure,-0.0177
enduring,-0.19474
energy,0.13923
engage,0.02848
engaged,0.23387
engineered,-0.12466
engineering,0.10882
england,-0.26203
enhance,0.03328
enhanced,0.07348
enjoy,0.01054
enlarge,-0.35246
enlarged,-0.04452
enormous,0.18854
enough,-0.19938
enrolled,-0.00879
enrollment,-0.59437
ensure,-0.29515
enter,-0.3109
entered,-0.27705
entering,0.18854
enthusiasm,-0.19528
enthusiastic,-0.06922
entire,-0.18933
entirely,-0.47789
environment,0.01072
environmental,-0.29423
enzyme,-0.05345
enzymes,0.23467
epidemic,-0.61872
epidemiologist,-0.35605
epidemiology,-0.13923
epilepsy,-0.06989
episode,-0.10452
episodes,-0.09357
equal,-0.37491
equally,-0.3455
equatorial,-0.10452
equipment,0.11011
equivalent,0.23709
era,-0.03922
erectile,0.01054
eric,-0.21024
eritrea,-0.10452
error,-0.42196
esophageal,0.05667
esophagus,-0.29331
espa,0.03557
especially,-0.25794
essential,-0.19801
essentially,-0.2522
establish,-0.17371
established,-0.30964
estimate,-1.13487
estimated,0.06367
estimates,-0.13488
estonia,-0.10452
estrogen,-0.24205
et,0.05667
ethical,-0.44001
ethiopia,-0.10452
ethnic,-0.11535
europe,-0.30181
european,-0.02107
evaluate,-0.25068
evaluated,-0.40998
evaluating,0.02848
evaluation,-0.73012
even,-0.14318
evening,-0.06972
event,-0.12234
events,-0.17525
eventually,-0.05734
ever,-0.21104
every,-0.17012
everybody,0.0879
everyday,-0.13779
everyone,-0.1648
everything,0.12226
evidence,-0.31035
evolved,0.20605
exact,-0.37491
exactly,-0.17297
exam,0.1099
examination,-0.24772
examine,-0.01093
examined,-0.12222
examining,-0.19636
example,-0.29515
exams,-0.00181
excellence,-0.54824
excellent,0.02338
except,-0.12234
excess,-0.54293
excessive,0.16115
excited,0.06802
excitement,-0.26297
exciting,0.00739
excluded,-0.29239
executive,-0.13328
exercise,-0.02659
exercised,-0.33416
exercises,0.07718
exercising,-0.19746
exhausted,-0.63613
exist,-0.24626
existing,0.08196
exists,-0.19528
expand,-0.04452
expanded,-0.23041
expanding,-0.03123
expect,-0.11217
expectant,-0.59437
expectations,-0.65898
expected,-0.17435
expects,0.16902
expense,0.10861
expensive,-0.31154
experience,-0.02605
experienced,-0.18655
experiences,-0.37622
experiencing,0.3107
experiment,-0.08816
experimental,-0.12773
experiments,-0.2428
expert,-0.34152
experts,-0.27996
explain,-0.17872
explained,-0.11005
explains,-0.26536
explanation,-0.26297
explore,0.20475
explored,-0.13708
exploring,-0.03922
expose,-0.19528
exposed,-0.25696
exposing,-0.29331
exposure,0.02008
expressed,-0.09357
extend,-0.04832
extended,-0.45768
extends,-0.54824
extensive,-0.59997
extent,-0.46226
external,0.10861
extra,-0.43458
extract,-0.18129
extracted,0.33173
extracts,0.05667
extreme,-0.19636
extremely,-0.02133
eye,-0.00846
eyes,0.09977
face,-0.25684
facebook,-0.41345
faced,0.05009
faces,0.14677
facial,0.47141
facilities,-0.03123
facility,-0.10452
facing,-0.11535
fact,-0.04725
factor,-0.32301
factors,-0.12431
facts,-0.33416
faculty,0.16655
faeroe,-0.10452
fail,0.16115
failed,-0.05911
fails,0.20605
failure,-0.04646
fairly,-0.41345
fake,-0.49875
falkland,-0.10452
fall,-0.25527
falling,0.41305
falls,-0.29331
false,-0.51727
familiar,0.13445
families,-0.19969
family,0.0082
far,-0.14755
farber,-0.06972
fare,-0.40745
fared,-0.37491
fashion,-0.0177
fashioned,0.04066
faso,-0.10452
fast,-0.13798
faster,-0.0321
fasting,-0.06922
fat,-0.20491
fatal,-0.29248
father,-0.13779
fatigue,0.00615
fats,0.03563
fatty,-0.30905
favor,-0.50287
favorable,-0.82743
favorite,0.04066
fda,-0.0281
fear,-0.01806
feared,-0.54824
fears,-0.31579
feasible,-0.06922
feature,0.78192
features,0.17652
feb,0.11099
february,0.00269
fecal,-0.40745
fed,0.25644
federal,-0.15747
federally,-0.06955
federation,-0.19582
feed,-0.55065
feedback,0.23467
feeding,-0.40745
feel,-0.02987
feeling,-0.04378
feelings,-0.29515
feels,-0.10201
fees,-0.34841
feet,0.18417
feinberg,-0.11535
fell,-0.52691
fellow,0.22859
felt,0.0187
female,0.06732
fertile,-0.19474
fertility,0.1099
fertilization,-0.29239
fetus,-0.24772
fever,0.04118
fewer,-0.15686
fiber,-0.11623
fibers,-0.74199
fibrillation,0.01054
fibromyalgia,-0.06939
fibrosis,-0.19474
field,-0.1899
fifth,-0.06955
fight,0.13855
fighting,-0.09918
figure,-0.11893
figured,-0.17371
figures,-0.40745
figuring,-0.19474
fiji,-0.10452
file,0.50912
filed,-0.06922
fill,0.31539
filled,-0.29702
filling,-0.24626
final,-0.07091
finally,-0.13673
financial,-0.21085
find,-0.13062
finding,0.00514
findings,-0.00704
finds,-0.18565
fine,-0.04265
finger,-0.11535
fingers,-0.29239
finish,-0.54824
finished,-0.19528
finland,-0.31256
fire,-0.49875
firm,0.15466
first,-0.05509
fish,-0.08042
fit,-0.70567
fitness,0.01063
fits,-0.04452
five,-0.17626
fix,-0.03967
fla,-0.32487
flare,0.23387
flash,-0.37232
flashes,-0.09918
flavonoids,-0.19474
flawed,-0.29239
flexible,-0.55065
flight,0.04066
floor,-0.33416
florida,-0.01293
flow,0.0453
flu,-0.05119
fluid,-0.11893
fluids,0.10819
focus,-0.20987
focused,-0.06639
focuses,-0.13779
focusing,-0.00181
fold,-0.23041
folder,-0.10452
folic,-0.19528
folks,-0.19528
follow,-0.20862
followed,-0.22381
following,0.00166
follows,-0.33416
food,-0.17824
foods,-0.14224
foot,-0.24772
force,-0.18054
forced,-0.0177
forces,-0.54824
foreign,-0.10452
forest,0.04066
forever,-0.77232
forget,-0.06955
form,-0.08005
formally,0.04066
formation,0.07849
formed,-0.40745
former,-0.33288
forming,-0.37232
forms,0.18578
formula,-0.12466
fortified,-0.70943
forty,-0.0177
forward,0.15054
fosamax,-0.29239
found,-0.04662
foundation,-0.12138
founded,-0.29423
founder,-0.10949
four,-0.13113
fourth,-0.23243
fox,-0.06922
foxnews,0.85675
fraction,-0.06939
fracture,-0.09796
fractures,-0.11015
france,-0.05529
francisco,-0.32297
frank,-0.23041
fred,-0.06939
free,-0.22816
freeze,0.23387
freezing,-0.63613
french,-0.08639
frequency,0.06802
frequent,-0.20026
frequently,-0.24522
fresh,-0.21502
friday,-0.07039
friend,-0.02567
friendly,-0.29239
friends,-0.03181
front,0.03708
frozen,-0.06955
fruit,0.28212
fruits,-0.10664
frustrated,-0.15712
frustrating,-0.33416
fuel,0.14677
full,-0.13621
fully,-0.45024
function,0.0303
functional,-0.00673
functioning,-0.00673
functions,0.04118
fund,-0.06955
funded,-0.23966
funding,-0.11415
funds,0.04066
furthermore,-0.37232
futuna,-0.10452
future,-0.09647
gabon,-0.10452
gain,-0.43368
gained,-0.23851
gaining,-0.10452
gains,0.23467
gambia,-0.10452
game,0.05468
games,0.10819
gap,0.01058
gardner,-0.08816
gary,-0.32171
gas,0.21468
gastric,-0.34841
gastroenterology,0.10861
gastrointestinal,0.01767
gather,-0.19474
gathering,-0.19474
gave,-0.27364
gel,-0.09796
gels,-0.29239
gender,-0.04452
gene,0.01434
genentech,-0.33416
general,-0.22192
generally,-0.23566
generate,0.18854
generated,-0.32171
generating,-0.59437
generation,-0.11292
generic,-0.65585
generically,-0.24626
genes,-0.07989
genetic,0.09052
genetically,-0.21502
genetics,-0.13923
gentle,0.33173
george,-0.41043
georgetown,-0.6743
georgia,-0.17805
german,-0.09357
germany,-0.01113
get,-0.19501
gets,-0.24678
getting,-0.24383
getty,-0.07143
ghana,-0.10452
giant,-0.06939
gibraltar,-0.10452
girl,-0.01782
girls,-0.14711
give,-0.22436
given,-0.11157
gives,0.00094
giving,-0.31223
gland,0.15597
glass,-0.14711
glaxosmithkline,-0.42012
global,0.00269
globally,-0.06955
globe,-0.70943
glucose,0.09703
gluten,0.41187
go,-0.07979
goal,0.1009
goals,-0.12901
god,-0.24626
goes,-0.18565
going,-0.2972
gold,-0.15413
gone,-0.10594
good,-0.15493
gordon,-0.29423
got,-0.18961
gotten,-0.13851
gov,-0.26297
government,-0.35905
grade,-0.11623
gradual,-0.54824
gradually,-0.3107
graduate,0.21468
grail,0.67992
grain,0.01054
grains,-0.07022
gram,-0.33416
grams,0.04764
grant,-0.23851
granted,-0.19474
grants,-0.09796
grapes,0.33173
grateful,-0.24626
gray,-0.09047
great,-0.04497
greater,0.00017
greatest,-0.07022
greatly,-0.35605
greece,-0.16742
green,-0.18775
greenland,-0.13708
gregg,-0.74199
gregory,-0.0177
grenada,-0.10452
grenadines,-0.10452
grew,0.06274
grim,-0.54824
grocery,-0.15712
groin,0.55933
ground,0.18955
group,-0.12782
groups,-0.16368
grow,-0.07195
growing,-0.20292
grown,0.02338
grows,-0.03922
growth,-0.17056
growths,-0.09796
guadeloupe,-0.10452
guam,-0.10452
guarantee,-0.59437
guatemala,-0.10452
guess,-0.19528
guiana,-0.10452
guidance,-0.55065
guide,0.12753
guided,0.1084
guidelines,-0.29673
guinea,-0.22252
gum,-0.59437
gut,-0.16923
guy,0.10819
guyana,-0.10452
gym,-0.24626
gynecologist,0.05667
gynecologists,-0.44168
gynecology,-0.08816
habit,-0.42012
habits,-0.13373
hailed,-0.19474
hair,-0.14711
haiti,-0.10452
half,-0.17083
hall,-0.06922
hallmark,-0.06939
hallucinations,-0.15712
halt,0.1084
halted,-0.6743
hand,-0.26981
handful,-0.45898
handle,0.05667
hands,-0.33861
happen,-0.05567
happened,-0.25068
happening,-0.9207
happens,-0.25751
happier,0.04066
happy,0.01072
harbor,0.10819
hard,-0.14418
harder,-0.21085
hardly,-0.24626
harm,-0.23869
harmful,-0.20984
harmless,-0.44001
harms,-0.67784
harvard,-0.2407
hdl,0.02338
head,-0.03732
headache,-0.0039
headaches,-0.04265
headed,-0.06922
heads,-0.56926
heal,0.13212
healed,-0.19474
healing,-0.13173
health,-0.28218
healthcare,-0.33052
healthday,-0.00291
healthful,-0.19474
healthier,-0.18933
healthy,-0.01143
healy,-0.10452
hear,-0.14986
heard,-0.11292
hearing,-0.11623
heart,-0.15361
heartbeats,0.23387
hearts,0.13445
heat,-0.27158
heavily,-0.09796
heavy,-0.26296
height,-0.40745
held,0.03386
helena,-0.10452
help,-0.02887
helped,-0.26475
helpful,-0.54597
helping,-0.04111
helps,-0.15097
hematology,-0.59437
henry,-0.34841
hepatitis,-0.15712
herbal,-0.27158
herbs,-0.59437
herzegovina,-0.10452
hidden,-0.15712
hide,0.23387
high,-0.20277
higher,-0.24943
highest,-0.14222
highlight,0.23387
highlights,-0.16742
highly,-0.12961
hill,-0.39804
hip,0.09
hips,-0.54824
histories,-0.6743
history,-0.05468
hit,-0.05074
hits,-0.77232
hitting,-0.19474
hiv,-0.29423
hold,-0.24048
holding,-0.22252
holds,0.11011
hole,0.04066
holy,0.23791
home,-0.01075
homes,-0.19474
honduras,-0.10452
hong,-0.02567
hope,0.05325
hoped,-0.19801
hopeful,-0.14711
hopefully,0.05714
hopes,-0.14124
hoping,-0.22281
hopkins,-0.01555
horizon,-0.24626
hormonal,-0.37754
hormone,-0.11428
hormones,0.01932
hospital,-0.17703
hospitalization,-0.37361
hospitalizations,-0.10452
hospitalized,-0.12466
hospitals,-0.11124
host,-0.04452
hot,0.02101
hour,-0.03601
hours,-0.02366
house,0.06274
houston,-0.03604
howard,-0.40745
however,-0.30549
hpv,-0.63613
huge,-0.20373
human,-0.06899
humans,0.00096
hundred,-0.42012
hundreds,-0.42964
hungary,-0.10452
hunger,0.16655
hurdles,-0.63613
hurt,0.01886
husband,-0.0235
hygiene,-0.11535
hyperactivity,0.23467
hypertension,-0.11711
hypoglycemia,0.26442
hypothesis,-0.42012
ian,-0.0177
ibuprofen,-0.47035
ice,-0.06939
iceland,-0.10452
idea,-0.23509
ideal,0.05761
ideally,-0.85263
ideas,-0.54824
identical,0.20605
identified,-0.06594
identify,0.27587
identifying,0.00269
ignore,0.04066
ii,0.18645
iii,-0.19636
ill,-0.07022
illegal,-0.54824
illinois,-0.33416
illness,-0.03681
illnesses,-0.07022
image,-0.07915
images,0.13475
imagine,-0.04452
imaging,0.04756
immediate,-0.24585
immediately,-0.16767
immune,-0.08025
immunity,-0.29331
immunology,-0.02567
immunotherapy,0.03563
impact,-0.12907
impacts,-0.29239
impaired,0.05009
impairment,-0.08301
imperial,0.34455
implant,0.11033
implantable,0.01054
implantation,0.23467
implanted,-0.05217
implanting,-0.29239
implants,-0.00181
implicated,-0.54824
implications,-0.16923
importance,0.00393
important,-0.22449
importantly,0.17652
impossible,-0.42719
impotence,0.05667
impressed,-0.47035
impressive,-0.26536
improve,0.02083
improved,-0.08433
improvement,-0.13324
improvements,-0.06594
improves,0.03708
improving,0.02941
impulses,0.10861
inactive,-0.46226
inc,-0.03368
incentive,-0.24626
inch,0.34455
incidence,-0.16413
incision,0.25023
include,-0.23231
included,-0.07616
includes,-0.23456
including,-0.19325
inconclusive,-0.29239
inconsistent,-0.19528
incontinence,0.16778
incorrectly,-0.37232
increase,-0.10543
increased,-0.11406
increases,-0.10884
increasing,-0.23156
increasingly,0.01092
incredibly,-0.06955
incurable,0.16655
indeed,-0.21085
independent,-0.25751
independently,0.23387
index,-0.02803
india,-0.19746
indiana,-0.63613
indicate,-0.09339
indicated,-0.07022
indicates,-0.07022
indicating,0.01058
indication,0.17448
indications,0.06664
indicator,-0.29331
individual,-0.19312
individually,-0.29239
individuals,0.04021
indonesia,-0.13708
induce,-0.47035
induced,0.25245
industry,-0.20948
ineffective,0.07849
inexpensive,-0.09047
infancy,-0.24626
infant,-0.26536
infants,-0.11292
infected,0.04118
infection,-0.09002
infections,-0.18105
infectious,-0.58487
infertility,0.02848
inflamed,0.28619
inflammation,-0.05174
inflammatory,-0.05911
influence,-0.51641
influenced,-0.26297
influenza,0.15453
inform,-0.15712
information,-0.03444
informed,-0.25819
infusion,-0.15837
infusions,-0.85263
ingredient,-0.10201
ingredients,-0.39084
inhaled,0.14677
inherited,-0.22252
inhibit,-0.11535
inhibitor,-0.02567
inhibitors,-0.11484
inhibits,0.05667
initial,-0.14533
initially,-0.17872
initiative,-0.19691
inject,0.23547
injectable,-0.19582
injected,-0.01235
injecting,0.07849
injection,-0.20083
injections,-0.30377
injured,0.03328
injuries,-0.37754
injury,-0.2665
innovation,-0.00666
innovative,-0.01782
insert,0.25644
inserted,0.14127
inserting,-0.10452
insertion,0.23387
inside,-0.04227
insomnia,-0.41043
instance,-0.17387
instead,-0.15918
institute,-0.15869
institutes,-0.085
institution,0.23387
institutions,-0.19528
instructed,-0.55065
instructions,-0.06939
instruments,0.16655
insufficient,-0.70943
insulin,0.09977
insurance,-0.23656
insurers,-0.49754
intact,-0.54824
intake,-0.61811
integrative,0.41187
intelligence,0.65661
intended,-0.39084
intense,-0.23243
intensity,0.30897
intensive,-0.55554
interact,-0.37232
interaction,0.16778
interactions,0.1084
intercourse,0.26442
interest,-0.01494
interested,-0.37887
interesting,-0.03459
interestingly,-0.15712
interfere,-0.02567
interfering,-0.11535
interleukin,-0.29239
intermediate,0.10819
intermittent,-0.54824
internal,-0.32349
international,-0.07914
internet,-0.77232
internist,-0.03922
interpret,-0.54824
interpretation,-0.0177
interval,0.41187
intervals,0.02848
intervention,-0.02651
interventional,-0.09796
interventions,-0.25068
interview,-0.03271
interviewed,-0.0177
interviews,-0.29239
intestinal,0.02848
intestine,0.07849
intravenous,-0.19691
intriguing,-0.39747
introduced,-0.09796
introducing,0.33173
introduction,-0.10452
invalid,-0.43593
invasive,0.11015
invented,0.41246
investigate,-0.06972
investigated,-0.25819
investigation,-0.02803
investigational,0.16655
investigator,-0.20948
investigators,-0.25751
investment,-0.40745
investors,-0.40745
involve,-0.09339
involved,-0.36504
involvement,-0.19474
involves,0.1058
involving,-0.22231
iowa,0.04066
ipilimumab,0.01054
iran,-0.13708
iraq,-0.06955
ireland,-0.01782
iron,-0.19474
irregular,0.16778
irritable,0.46516
irritation,-0.16742
irvine,-0.19474
ischemic,-0.47035
island,-0.19746
islands,-0.10452
isolated,-0.19474
israel,-0.18933
issue,-0.11296
issued,-0.37622
issues,-0.29364
istockphoto,-0.29331
italian,0.05714
italy,0.12565
itching,-0.54824
itchy,0.04066
iu,-0.19474
iv,-0.34841
ivoire,-0.10452
jack,-0.06939
jama,-0.71255
jamahiriya,-0.10452
jamaica,-0.10452
james,-0.11711
jan,-0.00319
jane,0.05667
january,-0.00319
japan,-0.1459
japanese,-0.11535
jason,-0.33416
javascript,-0.12466
jaw,-0.70943
jay,0.20605
jefferson,-0.06922
jeffrey,-0.27705
jennifer,-0.05529
jersey,-0.21502
jewish,0.15453
job,-0.21024
joe,0.16655
joel,-0.0177
johannes,-0.19474
john,-0.3289
johns,-0.03015
johnson,0.03563
join,-0.19528
joined,-0.19528
joint,0.15688
joints,0.53108
jon,0.41129
jonathan,-0.24626
jones,0.10819
jordan,0.05009
joseph,-0.25819
joshua,-0.29239
journal,-0.19326
journals,0.10861
jr,0.47978
jude,-0.54824
judgment,-0.55065
juice,-0.61872
julie,-0.19474
july,-0.22362
jump,0.23547
jumped,0.01054
jumping,-0.19474
june,-0.10743
jury,-0.54824
justify,-0.24626
juvenile,0.41187
karen,-0.09796
karolinska,-0.0177
katherine,-0.59437
kathleen,-0.26297
kazakhstan,-0.13708
keep,-0.15171
keeping,-0.28877
keeps,-0.17371
keith,0.07348
ken,-0.59437
kenneth,-0.59437
kenya,-0.13708
kept,-0.11484
kettering,-0.50287
kevin,-0.13708
key,-0.0404
keytruda,0.49142
kick,-0.26297
kid,-0.44168
kidney,-0.25263
kidneys,-0.16742
kids,-0.19817
kill,-0.11212
killed,-0.37491
killer,0.01058
killing,-0.21176
kills,-0.02609
kim,-0.32171
kind,-0.12077
kinds,-0.22108
king,-0.16742
kingdom,-0.19857
kiribati,-0.10452
kitts,-0.10452
knee,0.22063
knees,0.52352
knew,-0.13137
know,-0.212
knowing,-0.3107
knowledge,-0.31256
known,-0.08995
knows,-0.34089
kong,-0.00181
korea,-0.19636
kuwait,-0.10452
kyrgyzstan,-0.10452
la,-0.06989
lab,-0.15816
label,-0.25696
labels,-0.77232
labor,-0.77232
laboratories,0.10904
laboratory,-0.01494
labs,-0.03922
lack,-0.08624
lacking,0.26442
lake,0.23467
lancet,-0.06327
landmark,-0.94128
landscape,0.23387
langone,-0.41043
language,-0.16413
lanka,-0.10452
laos,-0.10452
laparoscopic,-0.06922
large,-0.1646
largely,-0.13535
larger,-0.10462
largest,-0.05924
laser,0.26661
last,-0.34737
lasted,0.07961
lasting,-0.38955
lasts,-0.14711
late,-0.03281
later,-0.14988
latest,-0.17351
latimes,-0.55802
latmelissahealy,-0.70943
latter,-0.49875
latvia,-0.10452
launch,-0.10452
launched,0.06732
laura,-0.42012
law,0.14138
lawrence,-0.70943
laws,-0.24626
layer,0.10819
ldl,0.16449
lead,-0.12572
leader,-0.18596
leaders,-0.24626
leading,-0.1297
leads,-0.01235
leafy,-0.33416
lean,0.49142
learn,-0.10004
learned,-0.05924
learning,0.11099
least,-0.15206
leave,-0.14071
leaves,-0.00181
leaving,-0.53632
lebanon,-0.14986
led,-0.08364
lee,-0.17371
left,-0.16719
leg,0.09
legal,-0.44001
legally,-0.33416
legs,0.15744
legumes,-0.24626
len,-0.11535
length,-0.27071
lengthy,-0.06922
lenox,-0.37068
lens,-0.24626
leone,0.07849
lesion,0.52352
lesions,0.42148
lesotho,-0.10452
less,-0.21315
lessen,-0.37232
lesson,-0.54824
lessons,-0.19474
leste,-0.10452
let,-0.11415
lethal,-0.87648
lets,-0.44001
letter,-0.85263
letters,-0.00666
leukemia,-0.09047
level,0.0508
levels,0.05168
liberia,-0.16742
library,-0.13373
libyan,-0.10452
licensed,-0.35605
lichtenfeld,-0.29239
liechtenstein,-0.10452
lies,-0.29239
life,-0.03931
lifelong,0.3541
lifesaving,-0.63613
lifestyle,-0.20987
lifetime,-0.34554
lift,0.10861
lifting,0.05667
light,-0.08554
lights,-0.29239
like,-0.14531
likelihood,-0.19801
likely,-0.09728
lilly,-0.33416
limb,0.04066
limit,-0.0235
limitation,-0.48194
limitations,-0.3281
limited,-0.15557
limiting,-0.15837
limits,0.16778
linda,0.25644
line,-0.22198
lines,0.14138
lining,0.20787
link,-0.19817
linked,-0.08442
linking,-0.63613
links,-0.13708
lipid,0.05667
lipitor,-0.23041
liquid,-0.03604
lisa,-0.0177
list,-0.19073
listed,-0.37232
listen,0.16655
lists,-0.63613
literally,-0.06939
literature,-0.61872
lithuania,-0.10452
little,-0.18603
live,-0.04317
lived,-0.50287
liver,0.0576
lives,-0.05358
living,-0.30937
loading,-0.09357
local,0.01072
located,0.28619
location,-0.10452
locations,-0.10452
london,0.37794
long,-0.2198
longer,-0.18671
longest,-0.19582
longevity,-0.00666
look,-0.20995
looked,-0.06436
looking,-0.11733
looks,-0.36601
los,-0.26523
lose,-0.19071
losing,-0.32933
loss,-0.07511
lost,-0.28552
lot,-0.17579
lots,-0.16413
louis,-0.23243
love,-0.11711
loved,-0.13708
low,-0.09305
lower,-0.15265
lowered,-0.02239
lowering,-0.05112
lowers,-0.19582
lowest,-0.16923
ltd,-0.15712
lucia,-0.16742
lucky,0.25644
lunch,-0.11535
lung,0.0257
lungs,-0.16225
luxembourg,-0.00666
ly,-0.71834
lymph,-0.16742
lymphoma,0.04092
lynn,-0.24626
macao,-0.10452
macedonia,-0.10452
machine,-0.12234
machines,0.05009
macular,-0.23041
madagascar,-0.13708
made,-0.2249
magic,-0.39302
magnesium,-0.19474
magnetic,0.27282
magnitude,-0.06939
mail,-0.54293
main,-0.23929
mainly,-0.42719
mainstream,-0.29331
maintain,-0.17108
maintained,0.05009
maintaining,-0.26297
maintenance,-0.00666
major,-0.1289
majority,-0.15287
make,-0.17183
maker,-0.28138
makers,-0.54788
makes,-0.15878
makeup,-0.24626
making,-0.19841
malawi,-0.13708
malaysia,-0.13708
maldives,-0.10452
male,-0.21085
males,0.3541
mali,-0.10452
malignancies,0.04066
malignancy,0.30257
malignant,0.27363
malta,-0.10452
malvinas,-0.10452
mammogram,0.03328
mammograms,-0.01794
mammography,0.03328
man,-0.16068
manage,0.13808
managed,-0.09357
management,-0.21024
manager,-0.13708
managing,-0.21502
manhattan,0.06664
manufactured,-0.47035
manufacturer,-0.10664
manufacturers,-0.48194
manufacturing,-0.0177
many,-0.34575
marc,-0.06922
march,-0.01361
margin,0.04066
maria,-0.32171
mariana,-0.10452
marijuana,0.07348
marino,-0.06955
mark,-0.03446
marked,-0.17371
markedly,0.16655
marker,0.32472
markers,0.17028
market,-0.16158
marketed,-0.17609
marketing,-0.19969
markets,-0.77232
marks,0.37247
marrow,-0.39302
marshall,-0.03922
martin,-0.11535
martinique,-0.10452
mary,-0.01093
maryland,-0.42012
mass,-0.13634
massachusetts,-0.22362
massage,-0.52545
massive,-0.19528
mastectomy,0.04066
match,0.04092
matched,-0.00666
material,-0.28098
materials,0.28758
maternal,-0.74199
mathematical,-0.19474
matt,0.20605
matter,0.12175
matters,-0.19582
matthew,-0.03922
maugh,-0.11535
mauritania,-0.10452
mauritius,-0.10452
max,-0.19474
maximum,-0.13708
may,-0.14569
maybe,-0.00319
mayen,-0.10452
mayo,-0.24522
mayotte,-0.10452
md,0.0295
meal,-0.01093
meals,-0.19691
mean,-0.19637
meaning,-0.14298
meaningful,-0.24919
means,-0.31717
meant,0.01568
meantime,-0.15837
meanwhile,-0.2522
measurable,-0.63613
measure,-0.07916
measured,-0.03446
measurement,0.02848
measurements,0.30257
measures,-0.08586
measuring,0.09335
meat,-0.01093
mechanical,-0.19474
mechanism,-0.18596
mechanisms,-0.06989
media,-0.01093
median,-0.23447
medical,-0.22299
medically,-0.24626
medicare,-0.51641
medication,-0.04267
medications,-0.20217
medicinal,-0.13708
medicine,-0.22929
medicines,-0.24571
meditation,-0.03123
mediterranean,-0.00666
medium,-0.06939
medtronic,-0.01782
meet,-0.38982
meeting,-0.02848
meetings,-0.11292
melanoma,-0.17609
melbourne,-0.10452
melinda,-0.11535
melissa,-0.06955
member,-0.16094
members,-0.22281
memorial,-0.23447
memories,-0.52545
memory,0.02241
men,-0.08005
menopausal,-0.11623
menopause,-0.01113
menstrual,-0.06972
mental,-0.27584
mentioned,0.05667
merck,0.13808
merits,0.49142
message,-0.62363
messages,-0.19528
met,0.09703
meta,-0.22252
metabolic,-0.13997
metabolism,-0.18596
metal,0.06664
metastatic,-0.01794
metformin,-0.59437
method,0.04533
methodology,-0.03123
methods,-0.07941
mexico,-0.21502
mg,-0.00942
miami,0.05304
mice,0.08374
michael,-0.11124
michigan,0.05304
microbes,0.26442
micrograms,-0.63613
micronesia,-0.10452
microscope,-0.19528
microscopic,-0.01782
mid,0.04646
middle,-0.08771
might,-0.24015
migraine,0.20033
migraines,0.37666
mike,0.15453
mild,-0.10439
milder,-0.23041
miles,0.10904
milestone,-0.24626
military,0.23387
milk,-0.18596
miller,0.07849
milligram,-0.19528
milligrams,-0.30278
million,-0.03953
millions,-0.09125
mimic,0.06664
mind,0.00739
minds,-0.06922
mineral,-0.32171
minerals,0.25644
minimal,0.07718
minimally,0.25947
minimize,-0.29331
minn,-0.27158
minneapolis,-0.06922
minnesota,-0.37361
minor,-0.37491
minority,-0.74199
minute,-0.00879
minutes,-0.17461
miquelon,-0.10452
miracle,-0.16742
miscarriage,0.16655
miserable,0.07849
miss,-0.01794
missed,-0.23851
missing,-0.39084
mistake,-0.19474
mitchell,-0.74199
mix,-0.57451
mixed,-0.18933
mixture,0.23387
mobile,0.61828
mobility,0.1084
model,-0.08501
models,0.17448
moderate,-0.07914
moderately,-0.15712
modern,-0.42012
modest,-0.39984
modified,-0.16742
moldova,-0.10452
molecular,-0.07039
molecule,-0.26536
molecules,-0.10201
mom,-0.22252
moment,-0.10949
moms,-0.54824
monaco,-0.13708
monday,-0.09719
money,-0.25839
mongolia,-0.10452
monica,-0.6743
monitor,0.07531
monitored,-0.05812
monitoring,0.17805
monitors,0.10861
montefiore,-0.57451
montenegro,-0.10452
month,-0.20896
monthly,-0.25697
months,-0.09843
montserrat,-0.10452
mood,-0.01235
moreover,-0.29423
morning,0.03648
morocco,-0.10452
mortality,-0.35141
mostly,-0.37306
mother,0.01498
mothers,-0.33388
motion,0.27363
motivated,-0.29239
motivation,-0.6743
motor,-0.24772
mount,-0.12177
mountain,0.04066
mouse,0.41482
mouth,-0.17299
move,-0.02091
moved,0.04764
movement,-0.21085
movements,-0.09047
moving,0.01082
mozambique,-0.10452
mozes,-0.16742
mr,-0.08301
mri,0.20618
mris,0.53873
ms,-0.28138
msn,0.21468
much,-0.17674
mucus,-0.44001
multi,0.51188
multiple,-0.17865
multivitamins,-0.59437
muscle,0.05179
muscles,0.00485
muscular,0.04066
music,0.36152
must,-0.15758
mutation,-0.00942
mutations,0.01767
myanmar,-0.10452
myers,0.05714
mysterious,-0.06922
mystery,-0.19528
nam,-0.10452
name,-0.12021
named,0.01063
namely,0.23387
names,-0.52545
namibia,-0.10452
narrow,-0.06939
narrowed,0.16655
narrowing,-0.19474
nasal,0.15182
nasty,-0.24626
nation,-0.12466
national,-0.17562
nationally,-0.19474
nations,-0.19474
nationwide,-0.29423
natural,0.0566
naturally,-0.13997
nature,0.15338
nauru,-0.10452
nausea,-0.37306
navigate,0.23387
near,0.17533
nearby,-0.34841
nearly,-0.27559
necessarily,-0.22949
necessary,-0.27364
neck,0.04171
need,-0.12897
needed,-0.054
needing,-0.06922
needle,-0.04832
needles,0.03328
needs,-0.14942
negative,-0.03805
neither,-0.25696
nepal,-0.03922
nerve,-0.06547
nerves,0.07718
nervous,-0.00673
net,-0.6743
netherlands,0.01072
network,-0.08816
neural,-0.23041
neurodegenerative,0.41187
neurological,-0.00879
neurologist,-0.16413
neurologists,-0.40745
neurology,-0.14375
neurons,-0.04452
neuroscience,0.18417
neuroscientist,-0.29239
neurotransmitter,-0.19474
neurotransmitters,-0.54824
never,-0.18929
nevertheless,0.01054
nevis,-0.10452
new,-0.10214
newborn,-0.03123
newborns,-0.33416
newer,-0.27185
newest,-0.0177
newly,-0.07056
news,0.03502
newsletter,-0.28843
newsletters,-0.37015
newsweek,-0.16742
next,-0.12079
nhs,0.71556
nicaragua,-0.10452
nice,0.05304
nicholas,0.05667
niger,-0.10452
nigeria,-0.00666
night,-0.0019
nights,-0.33416
nih,-0.14986
nine,-0.11901
niue,-0.10452
nobody,-0.29423
nodes,-0.16742
noise,-0.29239
non,0.04689
none,-0.34496
nonetheless,-0.19582
noninvasive,0.01068
nonprofit,-0.12234
nonsteroidal,-0.15712
nonsurgical,0.04066
norfolk,-0.13708
normal,-0.04894
normally,-0.04225
north,-0.08666
northern,0.06156
northwestern,0.0879
norway,-0.47408
norwegian,-0.59437
nose,0.00092
note,-0.35193
noted,-0.16533
notes,-0.28357
nothing,-0.37149
notice,0.04066
noticeable,-0.06922
noticed,0.14844
noting,-0.44678
notion,-0.80073
nov,-0.0235
novartis,-0.16452
novel,0.12494
november,-0.05812
npr,-0.21793
nsaid,0.26442
nsaids,-0.03123
number,-0.21268
numbers,-0.28423
numbness,-0.40745
numerous,-0.17371
nurse,-0.19746
nurses,-0.15964
nursing,-0.06955
nutrient,-0.06972
nutrients,-0.11711
nutrition,-0.15276
nutritional,-0.21793
nuts,-0.12234
nyu,-0.5008
obese,-0.30937
obesity,-0.20314
object,-0.29239
objective,-0.06972
objects,0.10819
observation,0.07348
observational,-0.3455
observations,-0.29239
observe,-0.59437
observed,-0.23169
obsessive,-0.24626
obstetrician,-0.37232
obstetricians,-0.61872
obstetrics,-0.03604
obstructive,0.16655
obtained,-0.06972
obvious,-0.3455
obviously,0.04092
occasional,-0.4485
occasionally,-0.63613
occupied,-0.16742
occur,0.07285
occurred,-0.33028
occurring,0.10882
occurs,0.08231
oct,0.17805
october,0.02941
odds,-0.35692
offer,-0.13912
offered,-0.20198
offering,0.01568
offers,-0.30993
office,-0.10436
officer,-0.25459
offices,-0.10452
official,-0.37232
officials,-0.57978
often,-0.14649
oh,0.1084
ohio,-0.03967
oil,-0.36096
oils,-0.33637
ok,-0.44337
ol,0.03557
old,-0.05172
older,-0.09961
oldest,-0.54824
olds,-0.0177
olive,-0.19582
oman,-0.10452
omega,-0.12234
oncologist,-0.60282
oncologists,-0.26297
oncology,-0.16561
one,-0.25261
ones,-0.18105
ongoing,-0.28109
online,-0.3279
onset,-0.24919
onto,-0.19691
opdivo,0.41129
open,0.00096
opened,-0.16742
opening,-0.19582
opens,0.28619
operating,-0.01782
operation,-0.04515
operations,0.19833
ophthalmologist,-0.29239
ophthalmology,-0.24772
opinion,-0.06955
opioid,-0.52545
opioids,-0.37232
opportunities,-0.59437
opportunity,0.02909
opposed,0.02338
opposite,0.05667
opt,-0.59136
optimal,0.08233
optimism,0.23387
optimistic,-0.32933
option,-0.27317
options,-0.17612
oral,-0.01844
orally,-0.13708
orange,-0.03922
order,-0.10296
ordered,-0.80073
org,-0.06972
organ,-0.11015
organic,-0.0177
organization,-0.1539
organizations,-0.19582
organs,-0.02609
original,-0.11711
originally,-0.17371
orlando,0.17652
orleans,0.31539
orthopaedic,0.10819
orthopedic,0.03328
osteoarthritis,0.25245
osteoporosis,-0.18596
others,-0.2391
otherwise,0.272
otis,-0.63613
ounce,-0.11535
ounces,-0.16742
outcome,-0.10424
outcomes,-0.19468
outpatient,0.10861
outset,-0.70943
outside,-0.21639
outweigh,-0.27071
outweighed,-0.29239
ovarian,0.07438
ovaries,0.21468
overall,-0.21845
overcome,0.07849
overdose,-0.29239
overnight,0.02848
overuse,0.01054
overweight,-0.21085
overwhelming,-0.16742
owned,-0.19528
owns,-0.6743
oxford,0.04764
oxidative,0.49142
oxygen,0.09
pa,-0.11535
pace,-0.24772
pacemaker,-0.06955
pack,-0.55065
package,-0.11535
packed,0.34455
page,-0.25819
paid,-0.45832
pain,0.02289
painful,-0.01844
painkiller,-0.19474
painkillers,-0.35605
painless,0.16655
pains,-0.0177
pair,0.23467
pakistan,-0.03922
palau,-0.10452
palestinian,-0.10452
pan,-0.0177
panacea,-0.59437
panama,-0.10452
pancreas,0.34207
pancreatic,0.10904
panel,-0.25527
paper,-0.13328
papers,-0.06955
papua,-0.13708
paradigm,-0.19474
paraguay,-0.10452
parent,-0.03151
parents,-0.03271
paris,-0.19474
park,-0.12234
parkinson,0.05304
part,-0.14521
partial,0.15453
partially,-0.19582
participant,-0.13708
participants,-0.10214
participate,-0.19636
participated,-0.33861
participating,-0.08501
particles,0.25644
particular,-0.31863
particularly,0.00671
partly,-0.47408
partner,0.32472
partners,0.13445
partnership,-0.24626
parts,-0.06497
party,-0.15712
pass,0.09
passed,0.10968
passes,-0.24626
past,-0.08768
pasta,-0.29239
patch,-0.21308
patches,-0.29608
patent,0.18854
path,-0.24772
pathogens,-0.24626
pathology,0.14138
pathway,0.16449
pathways,-0.06972
patient,-0.10813
patients,-0.03873
patrick,0.23387
pattern,0.05714
patterns,0.21161
paul,-0.15677
pay,-0.52722
pd,0.41129
peace,0.04066
peak,0.20605
peanut,0.05667
peanuts,0.10819
pediatric,-0.18596
pediatrician,-0.39747
pediatricians,-0.19474
pediatrics,-0.24522
peer,-0.13325
peers,-0.0177
pelvic,0.16655
penetrate,0.65661
penn,-0.85263
pennsylvania,-0.43368
people,-0.1337
per,-0.16314
perceived,0.16655
percent,-0.08218
percentage,-0.30907
perception,-0.19528
perfect,-0.04912
perfectly,0.23467
perform,-0.08228
performance,0.21033
performed,-0.00937
performing,0.18117
performs,0.16655
perhaps,-0.22433
period,-0.15489
periods,-0.035
peripheral,-0.06922
permanent,-0.27158
permanently,0.01054
persist,-0.77232
persisted,0.41246
persistent,-0.82743
person,-0.08825
personal,-0.28659
personality,-0.11535
personalized,0.04092
personally,-0.01093
perspective,-0.09796
peru,-0.14986
pet,0.05667
peter,-0.49358
pfizer,0.04144
ph,-0.26297
pharma,-0.13708
pharmaceutical,-0.08834
pharmaceuticals,-0.14528
pharmacies,-0.54824
pharmacology,-0.19528
pharmacy,-0.29331
phase,-0.13135
phd,0.34502
phenomenon,-0.06939
philadelphia,-0.23656
philip,-0.80073
philippines,-0.10452
phone,-0.36802
photo,0.06498
photos,0.28619
physical,-0.02789
physically,-0.01782
physician,-0.09039
physicians,-0.25102
physiological,-0.11535
physiology,-0.47035
pick,-0.00184
picked,-0.22252
picking,0.04066
picture,-0.10949
pictures,0.34153
piece,-0.32933
pieces,-0.49875
pierre,-0.09796
pill,-0.14694
pills,-0.29874
pilot,-0.00673
pinpoint,0.10882
pitcairn,-0.10452
pittsburgh,-0.12466
pivotal,-0.06922
pizza,-0.0177
place,-0.16511
placebo,-0.20701
placebos,-0.00666
placed,-0.01494
places,-0.37491
plain,-0.0177
plan,-0.2625
planned,-0.24919
planning,-0.29608
plans,-0.08624
plant,-0.13923
plants,0.3541
plaque,0.14844
plaques,0.13212
plasma,-0.06922
plastic,-0.08816
platelet,-0.59437
play,-0.04766
played,-0.04452
player,-0.00666
players,-0.19528
playing,0.12753
plays,-0.12177
plc,-0.63613
please,-0.19781
pleased,0.04066
pleasure,-0.11535
plenty,-0.27158
plos,0.20605
plus,-0.2387
pocket,-0.39747
point,-0.20324
pointed,-0.73853
pointing,0.04066
points,-0.20432
poland,-0.16742
policy,-0.33476
polynesia,-0.10452
polyps,-0.19636
pool,-0.44001
poor,0.02542
poorer,0.26442
poorly,0.05714
pop,0.20605
popping,0.01054
popular,-0.23156
popularity,-0.26297
population,-0.19882
populations,-0.35196
portable,0.01054
portion,-0.13851
portland,-0.9207
portugal,0.01058
pose,-0.13708
poses,0.15453
position,-0.44168
positive,-0.19841
positives,-0.44168
possibility,-0.18054
possible,-0.21351
possibly,-0.1252
post,0.03309
posted,-0.29239
postmenopausal,0.13026
pot,-0.24626
potent,-0.08639
potential,-0.09821
potentially,-0.07405
pound,-0.06922
pounds,-0.2665
powder,-0.10452
power,-0.09498
powered,0.23387
powerful,-0.31682
powers,-0.06939
practical,-0.19582
practice,-0.27919
practiced,0.18854
practices,-0.11292
practicing,0.55933
practitioner,-0.63613
practitioners,0.18955
praised,-0.63613
pre,0.13568
precancerous,0.13744
precise,-0.35605
precisely,-0.74199
precision,0.41364
precursor,-0.37232
predict,0.13129
predicted,0.18417
predicting,0.14138
predictive,0.41187
predictor,0.20605
predicts,0.04066
prefer,-0.74199
preferred,0.01054
pregnancies,-0.51891
pregnancy,-0.2625
pregnant,-0.1728
preliminary,-0.12503
premature,-0.32192
prenatal,-0.11535
preparation,-0.15712
preparing,-0.06939
presbyterian,-0.15712
prescribe,-0.35692
prescribed,-0.04248
prescribing,-0.08816
prescription,-0.18237
prescriptions,-0.02567
presence,0.06732
present,-0.02876
presentation,-0.19691
presented,0.13476
presents,0.41305
preserve,-0.33416
president,-0.24214
press,-0.06023
pressure,-0.13307
presumably,-0.63613
pretty,-0.20987
prevalence,-0.06939
prevalent,0.04066
prevent,-0.17254
preventable,-0.00666
preventative,0.20605
prevented,-0.04265
preventing,-0.22185
prevention,-0.30365
preventive,-0.21667
prevents,-0.12901
previous,-0.27066
previously,-0.31223
price,-0.27837
primarily,-0.02803
primary,-0.24382
prime,-0.27158
principal,-0.08639
principe,-0.10452
principle,-0.59437
print,-0.29423
prior,0.01097
privacy,-0.33861
private,-0.01293
privately,-0.06922
pro,0.01054
probably,-0.30245
probe,0.34455
problem,-0.29503
problematic,-0.14986
problems,-0.09326
procedure,0.02542
procedures,-0.11455
proceed,-0.27158
proceedings,0.36751
process,0.03933
processed,0.13744
processes,-0.17805
processing,0.01058
produce,-0.22768
produced,-0.14953
produces,-0.13851
producing,-0.17299
product,-0.3289
production,0.00094
products,-0.33092
prof,0.55933
professional,-0.21085
professionals,-0.17805
professor,-0.18003
profile,-0.05345
profit,-0.29331
profound,-0.6393
progesterone,-0.03922
prognosis,-0.14986
program,-0.13792
programs,-0.41414
progress,-0.21742
progressed,-0.29331
progresses,0.23467
progressing,-0.59437
progression,0.17061
progressive,0.16115
project,0.01767
prolong,0.05667
prolonged,-0.41043
promise,-0.09125
promises,-0.54824
promising,-0.04622
promote,-0.23807
promotes,-0.32171
promoting,-0.37491
promotions,-0.42482
prompt,-0.19801
prompted,-0.31579
prone,-0.44168
pronounced,-0.57451
proof,-0.16767
proper,-0.19691
properly,-0.0039
properties,-0.37622
proponents,-0.49875
proportion,-0.21793
proposed,-0.19636
pros,-0.54824
prospect,-0.15712
prospective,-0.26297
prostate,-0.03866
protect,-0.11416
protected,0.06664
protecting,-0.44168
protection,-0.16453
protective,-0.17854
protects,-0.52545
protein,-0.02083
proteins,-0.18303
protocol,-0.89913
protocols,-0.06922
prove,-0.16293
proved,-0.02174
proven,-0.16802
proves,0.07348
provide,-0.25116
provided,-0.08908
provider,-0.80073
providers,-0.26536
provides,-0.20314
providing,-0.08501
proving,-0.12466
prozac,-0.16742
psa,-0.01794
psychiatric,-0.21502
psychiatrist,-0.21502
psychiatrists,-0.23041
psychiatry,-0.09539
psychological,0.05761
psychologist,-0.06939
psychology,0.20033
psychotherapy,0.10861
public,-0.22512
publication,-0.14711
publish,-0.0177
published,-0.21984
puerto,-0.19582
pull,-0.47035
pulled,-0.27158
pulmonary,0.0854
pulse,-0.06972
pulses,0.13744
pump,0.47353
pumping,-0.33416
pumps,0.10819
purchased,-0.29239
pure,-0.37232
purpose,-0.21502
purposes,-0.09796
pursue,-0.11535
pursuing,-0.06922
push,-0.19691
pushed,-0.47035
pushing,-0.01782
put,-0.14305
puts,-0.13851
putting,-0.07073
puzzle,-0.59437
qatar,-0.10452
qualify,-0.33416
quality,-0.08791
quantities,-0.06922
quarter,-0.14528
quarters,-0.09796
quest,-0.19474
question,-0.19793
questioned,-0.77232
questionnaire,0.25644
questionnaires,0.18117
questions,-0.37353
quick,0.23873
quicker,0.41423
quickly,-0.15317
quiet,-0.24626
quit,-0.37622
quite,-0.14761
quitting,-0.70943
race,0.10904
rachel,-0.33416
racial,0.04066
radiation,-0.20491
radical,0.10819
radicals,-0.11535
radio,-0.06939
radiological,0.1084
radiologist,-0.06972
radiologists,-0.06922
radiology,0.3107
raise,-0.14146
raised,-0.25696
raises,-0.19913
raising,-0.69595
ran,-0.01093
random,-0.03123
randomized,-0.32051
randomly,-0.53522
randy,-0.11535
range,-0.15825
ranged,-0.27158
ranges,-0.06939
ranging,0.12876
rapid,-0.16452
rapidly,-0.26536
rare,-0.085
rarely,-0.10557
rash,-0.34841
rashes,-0.33416
rate,-0.11312
rated,-0.26297
rates,-0.19189
rather,-0.0796
ratio,-0.54824
rats,0.02338
raw,-0.33416
ray,0.01767
rays,-0.07039
reach,-0.19533
reached,-0.15964
reaching,-0.55065
react,0.16655
reaction,-0.02803
reactions,-0.2428
reactive,-0.03123
read,-0.10103
readers,-0.44168
readily,-0.17371
reading,-0.29853
readings,0.41187
ready,-0.28398
real,-0.19746
realistic,-0.33416
reality,-0.22818
realize,-0.13779
realized,-0.44168
really,-0.22538
reason,-0.13686
reasonable,-0.19801
reasonably,-0.54824
reasons,-0.41251
reassuring,-0.04452
recall,-0.89913
recalled,0.10904
recalls,-0.42012
receive,-0.27678
received,-0.22066
receives,-0.06922
receiving,-0.09944
recent,-0.38701
recently,-0.21506
receptor,-0.34554
receptors,-0.81954
recipients,0.23467
recognition,-0.06922
recognize,-0.02803
recognized,-0.16742
recommend,-0.31984
recommendation,-0.07073
recommendations,-0.32947
recommended,-0.36291
recommending,-0.65585
recommends,-0.20968
record,-0.19746
recorded,0.14677
records,-0.41043
recover,-0.12466
recovering,0.01054
recovery,-0.16094
recreational,0.10861
recruited,0.16388
rectal,0.15453
recurrence,-0.26296
recurrences,-0.54824
recurrent,0.10861
recurring,-0.0177
red,-0.01399
redness,-0.0177
reduce,-0.07037
reduced,-0.0772
reduces,-0.04517
reducing,-0.07588
reduction,-0.19743
reductions,-0.36802
referred,-0.19801
referring,-0.10452
refers,-0.19474
refined,-0.24626
reflect,-0.35605
reflects,-0.47035
refuse,0.04066
regain,-0.49875
regarding,-0.09357
regardless,-0.05345
regenerate,0.34455
regeneration,0.20605
regenerative,0.26442
regimen,-0.20026
regimens,-0.06939
region,-0.0235
regions,0.26661
registered,-0.10452
registry,-0.04452
regular,-0.14694
regularly,-0.0909
regulate,-0.71336
regulated,-0.80073
regulates,-0.03123
regulating,-0.49875
regulation,-0.01782
regulators,-0.03967
regulatory,-0.45898
rehab,-0.06922
rehabilitation,-0.31579
reinberg,-0.81096
rejected,-0.70943
rejection,-0.19474
relapse,-0.12901
relapsed,-0.37232
relapses,-0.40745
related,-0.09692
relation,0.5887
relationship,-0.01235
relationships,-0.29331
relative,-0.34554
relatively,0.0139
relatives,-0.0177
relax,0.15453
relaxation,-0.16742
release,0.51046
released,-0.09233
releases,-0.06939
releasing,-0.70943
relevant,-0.16742
reliable,-0.13923
reliably,-0.03123
relied,0.04066
relief,0.01708
relies,0.20605
relieve,0.05859
relieved,-0.49875
relieving,0.04092
reluctant,-0.44168
rely,-0.11623
relying,-0.24626
remain,-0.31697
remained,-0.11893
remaining,-0.44168
remains,-0.31727
remarkable,0.10968
remarkably,-0.54824
remedies,-0.19636
remedy,-0.29331
remember,0.16388
remembers,-0.06922
remission,-0.51606
remote,0.16655
removal,-0.09688
remove,-0.09233
removed,-0.10304
removes,0.01054
removing,-0.12177
repair,0.06499
repairing,-0.0177
repeat,-0.32933
repeated,-0.28659
repeatedly,-0.09796
repetitive,-0.37232
replace,0.00485
replaced,-0.44168
replacement,0.1837
replacements,0.47141
replacing,0.10882
replicate,0.3541
replicated,-0.06955
report,-0.24483
reported,-0.14598
reporter,-0.34258
reporting,-0.06989
reports,-0.08586
represent,-0.19746
representative,-0.24626
represents,-0.19746
reproduction,0.41129
reproductive,-0.15837
republic,-0.03922
reputation,-0.54824
require,-0.14533
required,-0.1596
requirements,0.16655
requires,-0.02348
requiring,0.10882
rescue,-0.19528
research,-0.09845
researcher,-0.12754
researchers,-0.07034
reserved,-0.37232
resident,0.41482
resistance,0.28729
resistant,-0.07108
resolution,0.20605
resolve,-0.11535
resolved,0.16655
resonance,0.63756
resort,-0.70943
resource,0.04066
resources,-0.22252
respect,-0.33416
respectively,-0.25819
respiratory,-0.0039
respond,-0.11901
responded,-0.44506
responding,0.01058
responds,-0.26297
response,-0.03835
responses,0.07961
responsible,-0.13535
rest,-0.16528
restaurant,-0.15712
restore,0.1099
restored,-0.19474
restricted,-0.15712
result,-0.0613
resulted,-0.21308
resulting,-0.0039
results,-0.20656
retina,0.10861
retinal,0.04066
retired,-0.39302
return,0.06112
returned,-0.21308
returning,0.34455
returns,-0.06922
reunion,-0.10452
reuters,0.09196
reveal,-0.00181
revealed,0.22339
reveals,-0.06922
reverse,-0.25068
reversed,-0.01782
review,-0.35982
reviewed,-0.14224
reviewing,-0.42012
reviews,0.14138
reward,-0.26297
rheumatoid,0.10861
rhythm,-0.01093
rica,-0.00666
rice,-0.13708
rich,-0.31768
richard,-0.13535
rico,-0.19582
rid,-0.09796
right,-0.14957
rights,-0.19582
rigorous,-0.40178
rigorously,-0.59437
ring,0.05667
rise,-0.09339
risen,-0.6743
rises,-0.06955
rising,-0.37361
risk,-0.19025
risks,-0.3186
risky,-0.59997
rival,0.05667
river,-0.19474
rna,-0.59437
road,-0.35605
robert,-0.06681
robot,-0.38021
robotic,0.34455
robust,0.04092
roche,-0.27705
rochester,-0.10201
rock,-0.11535
rodents,-0.0177
roger,-0.11535
role,-0.21558
romania,-0.10452
ron,-0.77232
room,0.10638
rooms,0.10819
root,0.0854
rose,0.09
roughly,-0.36569
round,-0.49875
rounds,-0.26297
route,0.41305
routine,-0.08771
routinely,-0.10557
routines,-0.19474
roy,0.04066
royal,0.38346
rule,-0.22252
rules,-0.19474
run,-0.14533
running,0.09092
runs,-0.07056
rush,-0.21502
russian,-0.09796
rwanda,-0.13708
safe,-0.34485
safely,-0.24585
safer,-0.45898
safety,-0.30997
sahara,-0.10452
said,0.01441
saint,-0.17805
sale,-0.32171
sales,-0.11801
saline,-0.33416
saliva,0.10819
salmon,0.06664
salt,0.01063
salvador,-0.10452
samoa,-0.10452
sample,-0.0797
samples,0.02101
san,-0.35596
sanofi,-0.52545
santa,-0.82743
sao,-0.00666
sat,0.04066
satisfaction,-0.13708
satisfied,-0.33416
saturated,-0.26297
saturday,0.37666
saudi,-0.10452
save,-0.18407
saved,-0.3107
saves,-0.52545
saving,-0.51891
saw,-0.12503
say,-0.11678
saying,-0.19726
says,-0.17171
scale,-0.04766
scalp,-0.03123
scan,0.09159
scanned,-0.59437
scanning,0.16778
scans,0.26003
scar,0.02848
scared,0.04066
scarring,-0.10452
scary,-0.37232
scenario,-0.24626
schedule,-0.01093
scheduled,-0.22108
schizophrenia,-0.06922
schneider,-0.19474
school,-0.24836
schools,-0.03922
science,-0.16457
sciences,-0.07285
scientific,-0.31717
scientifically,-0.33416
scientist,-0.39871
scientists,-0.01847
sclerosis,-0.14711
scope,-0.06939
score,-0.19857
scored,0.05009
scores,-0.05217
scott,-0.32487
screen,0.04867
screened,-0.09368
screening,-0.01347
screenings,0.38628
scrutiny,0.01054
search,-0.16923
searched,0.41187
searching,0.1084
season,0.14138
seattle,-0.61393
second,-0.06535
secondary,-0.48194
seconds,-0.55308
secret,-0.59437
section,-1.0321
security,-0.35605
sedation,0.20605
sedentary,-0.33416
see,-0.14311
seeds,0.04066
seeing,-0.06111
seek,-0.25696
seeking,-0.21024
seem,-0.39738
seemed,-0.21011
seems,-0.21708
seen,-0.09692
sees,-0.29423
seizure,-0.57451
seizures,-0.33637
select,-0.22953
selected,0.04764
selective,-0.61872
self,-0.36292
sell,-0.47408
selling,-0.21502
sells,-1.01533
send,-0.37754
sending,0.20033
sends,-0.03922
senegal,-0.10452
senior,-0.03236
sensation,-0.13708
sensations,0.04066
sense,-0.23969
sensitive,0.04198
sensitivity,0.14127
sensor,0.53873
sensors,0.15453
sent,-0.11639
separate,-0.39871
sept,-0.11015
september,-0.19969
serbia,-0.10452
serena,-0.26297
series,0.14521
serious,-0.27448
seriously,-0.57451
serotonin,-0.14986
served,-0.37491
serves,-0.22252
service,-0.20949
services,-0.37896
serving,0.01058
servings,-0.17371
session,-0.0039
sessions,-0.20198
set,-0.02074
sets,0.23547
setting,0.02374
settings,-0.10452
seven,-0.12576
several,-0.19003
severe,0.00898
severely,-0.17805
severity,-0.04014
sex,-0.19073
sexual,0.1265
sexually,-0.42012
seychelles,-0.10452
sham,-0.27705
shape,-0.18129
shaped,-0.52545
share,-0.27185
shared,-0.24626
shares,0.20787
sharp,-0.44001
sharply,0.41129
shed,-0.24772
shield,-0.19474
shift,-0.2428
shifting,0.04066
shifts,0.04066
shock,0.14677
shocked,0.10819
shore,-0.23041
short,-0.24583
shorter,0.04144
shortly,-0.11535
shortness,0.46516
shot,-0.71734
shots,-0.21176
shoulder,-0.15712
shoulders,-0.33416
show,-0.03986
showed,-0.00806
showing,-0.05996
shown,-0.12786
shows,-0.0794
shrank,0.05667
shrink,-0.44168
shrinkage,0.23467
shrinking,-0.15712
shut,-0.29239
sick,-0.2251
side,-0.28856
sides,0.1084
sierra,-0.16742
sight,0.10819
sign,-0.21405
signal,-0.23851
signaling,-0.70943
signals,-0.08228
signed,-0.10452
significance,0.10861
significant,-0.03335
significantly,-0.0777
signs,-0.13328
silver,-0.29239
similar,-0.3072
similarly,-0.02567
simple,0.05403
simpler,-0.06922
simply,-0.33851
simultaneously,-0.06939
sinai,-0.02174
since,-0.17529
singapore,-0.06955
single,-0.22786
sister,0.3541
sit,-0.27705
site,-0.29892
sites,-0.26536
sits,0.02848
sitting,0.10904
situation,-0.45898
situations,0.10904
six,-0.13081
sixth,-0.06939
size,-0.03098
sized,-0.0177
skeptical,-0.14711
skepticism,-0.23041
skeptics,-0.63613
skills,0.08177
skin,-0.09761
skip,-0.33416
skull,-0.29239
slated,0.28619
sleep,-0.22194
sleepiness,-0.29239
sleeping,-0.44168
slept,-0.40745
slight,0.01063
slightly,-0.25263
slim,-0.24626
sloan,-0.50287
slovakia,-0.10452
slovenia,-0.13708
slow,-0.21708
slowed,-0.09796
slower,-0.06939
slowing,-0.22252
slowly,-0.18101
slows,-0.0177
small,-0.10916
smaller,-0.13538
smart,-0.03604
smartphone,-0.06922
smell,0.04066
smile,0.04066
smith,-0.37491
smoke,-0.32933
smoked,-0.19582
smokers,-0.46774
smoking,-0.17095
soccer,0.33173
social,0.1038
society,-0.10951
sodium,-0.10452
soft,0.37247
software,-0.00181
sold,-0.41796
soldiers,-0.03123
solid,-0.15413
solomon,-0.13708
solution,0.0495
solutions,0.02848
solve,0.33173
solving,0.15453
somalia,-0.10452
somebody,0.1084
someday,0.07348
somehow,-0.44001
someone,-0.2471
something,-0.19339
sometimes,-0.20849
somewhat,-0.08639
somewhere,-0.40745
son,-0.25068
soon,-0.13142
sooner,-0.07005
sophisticated,0.07849
sore,-0.54824
sort,-0.02174
sorts,-0.24626
sought,0.0854
sound,-0.02803
sounds,-0.50287
source,-0.41472
sources,-0.0235
south,-0.06327
southern,-0.11711
southwestern,-0.74199
soy,-0.47035
space,-0.19636
spain,-0.42719
spam,-0.10452
spare,-0.03123
spark,-0.54824
speak,-0.22252
speaking,0.02848
speaks,-0.40745
special,-0.12252
specialist,-0.25843
specialists,-0.17609
specialized,-0.29331
specializes,-0.03922
species,-0.15712
specific,-0.08461
specifically,-0.18939
specificity,-0.15712
spectrum,0.11011
speech,-0.06972
speed,-0.18385
spend,-0.27493
spending,0.07849
spent,-0.10043
sperm,-0.22252
spinal,-0.10424
spine,-0.31256
split,-0.24626
spoke,-0.37232
spokesman,-0.54293
spokesperson,-0.54824
spokeswoman,-0.41043
sponsored,-0.27071
sports,0.04144
spot,-0.13923
spots,-0.09796
spotting,0.33173
spray,-0.12466
sprays,-0.29239
spread,-0.03303
spreading,-0.06939
spreads,-0.19474
spring,-0.15837
spur,-0.29331
squamous,0.10819
squibb,0.10904
sri,-0.10452
st,-0.10977
stable,-0.23243
staff,-0.79163
stage,0.04265
stages,0.14174
stairs,0.1084
stand,0.06732
standard,-0.2001
standardized,-0.19528
standards,-0.59716
standing,0.08233
standpoint,0.04066
stands,-0.24772
stanford,-0.18775
star,-0.0177
start,-0.13452
started,-0.03089
starting,-0.31187
starts,-0.12627
state,-0.16733
stated,-0.00666
statement,0.09064
states,-0.14231
statin,0.00269
statins,-0.28877
statistical,-0.37622
statistically,-0.38955
statistics,-0.10452
status,-0.0235
stave,-0.99792
stay,-0.09791
stayed,-0.52545
staying,0.10925
stays,-0.15712
steady,-0.00666
stem,-0.01831
stent,0.07348
stenting,-0.24626
stents,-0.23041
step,-0.06165
stephen,-0.12627
stepped,-0.59437
steps,-0.22818
steroid,-0.47035
steroidal,0.23387
steroids,-0.03123
steve,0.15453
steven,-0.71754
stick,-0.4887
sticking,-0.59437
stiffness,0.30257
stigma,-0.15712
still,-0.37102
stimulate,0.07072
stimulates,0.10882
stimulating,-0.19691
stimulation,-0.08391
stimulator,0.04066
stock,-0.5008
stockholm,-0.06922
stomach,-0.22523
stool,-0.09796
stop,-0.17287
stopped,-0.25459
stopping,0.05714
stops,-0.37361
store,-0.08816
stores,-0.06972
stories,-0.1459
story,-0.40402
straight,-0.06955
strain,-0.32171
strains,-0.09796
strategies,-0.13851
strategy,-0.21876
street,-0.08501
strength,0.12434
strengthen,-0.06922
strengthening,0.20605
stress,0.10898
stressed,-0.35692
stretch,-0.63613
stretching,-0.23041
strict,-0.6743
strikes,-0.26297
striking,-0.61872
stroke,-0.13534
strokes,-0.27938
strong,-0.0841
stronger,0.04646
strongest,-0.22252
strongly,-0.22818
structural,0.34455
structure,-0.44168
struggle,-0.35605
struggled,-0.16742
struggling,-0.01782
stuck,-0.00181
student,0.13744
students,0.02338
studied,-0.2349
studies,-0.28405
study,-0.10636
studying,-0.05682
stuff,-0.44168
style,0.06664
sub,-0.0177
subject,-0.60282
subjects,-0.24571
submitted,-0.12466
subscribe,-0.40998
subscribing,-0.3281
subscription,-0.13708
subsequent,-0.29515
subsequently,-0.06922
substance,-0.07039
substances,-0.05682
substantial,-0.28877
substantially,-0.21502
substitute,-0.03123
subtle,0.57025
success,0.04741
successful,0.07929
successfully,-0.0039
sudan,-0.10452
sudden,-0.13779
suddenly,-0.33637
suffer,-0.10308
suffered,-0.11739
sufferers,0.29184
suffering,0.02542
suffers,-0.06922
sufficient,-0.67784
sugar,0.06863
sugars,0.10819
suggest,-0.10312
suggested,-0.11604
suggesting,-0.5262
suggestion,0.05667
suggests,-0.11589
suicidal,-0.89913
suicide,-0.49875
suitable,0.53873
summary,0.41187
summer,-0.17299
sun,-0.10557
sunday,0.05283
super,0.05667
superior,-0.17805
supervision,0.05667
supplement,-0.51351
supplementation,0.13744
supplements,-0.31811
supplies,-0.33416
supply,-0.0619
support,-0.15825
supported,-0.13535
supporting,-0.14986
supports,-0.31768
supposed,-0.48194
supposedly,-0.59437
suppress,0.21468
sure,-0.15812
surface,-0.15964
surgeon,0.00345
surgeons,0.01472
surgeries,-0.12912
surgery,-0.03878
surgical,0.06344
surgically,-0.09796
suriname,-0.10452
surprise,-0.00181
surprised,-0.36802
surprising,-0.11292
surprisingly,-0.26297
surrounding,0.0854
surveillance,-0.03123
survey,-0.40501
survival,-0.10308
survive,0.01682
survived,-0.01093
surviving,-0.15712
survivors,-0.21502
susan,-0.17805
susceptible,-0.13708
suspect,-0.29423
suspected,0.10968
suspicious,-0.00666
sustained,-0.39302
suzanne,-0.11535
svalbard,-0.10452
swallowing,0.04066
swaziland,-0.10452
sweat,0.53873
sweating,0.04066
sweats,0.10819
sweden,-0.19913
swedish,-0.37491
sweet,0.26442
swelling,-0.05345
swim,0.23387
swings,0.71556
swiss,0.47978
switch,-0.46226
switched,-0.14986
switzerland,0.06732
swollen,-0.33416
sydney,-0.06922
symposium,0.30257
symptom,-0.05812
symptomatic,-0.06922
symptoms,0.02188
syndrome,-0.15323
synthetic,-0.33637
syrian,-0.10452
system,-0.10696
systemic,0.34455
systems,0.02941
systolic,-0.11535
table,0.16115
tablet,-0.13708
tablets,-0.82743
tackle,0.15453
tag,-0.13708
tailored,0.05667
taiwan,-0.01782
tajikistan,-0.10452
take,-0.19931
taken,-0.33381
takes,-0.03457
taking,-0.25013
talk,-0.16767
talked,-0.06922
talking,-0.13997
talks,-0.40745
tamoxifen,-0.15712
tanzania,-0.13708
target,0.10938
targeted,0.01087
targeting,0.06732
targets,-0.00681
task,-0.12278
tasks,-0.02567
taste,-0.03123
taught,-0.03922
tea,0.0854
teach,-0.03123
teacher,-0.47035
teaching,-0.15712
team,-0.00964
teams,0.10861
tear,0.13744
tears,-0.06939
tech,0.10904
technical,0.01054
technique,0.11488
techniques,0.03533
technologies,-0.16923
technology,0.08818
teen,-0.29239
teenagers,-0.19528
teens,-0.13779
telephone,0.27727
tell,-0.35441
telling,-0.17805
tells,-0.19195
temperature,0.0854
temple,0.01054
temporarily,-0.34841
temporary,-0.08816
ten,-0.15837
tend,-0.32301
tended,0.05009
tendons,0.04066
tends,0.05714
tennis,-0.37232
tens,-0.32933
term,-0.1324
terms,-0.06054
terrible,-0.59437
territory,-0.10452
test,0.01243
tested,-0.10987
testing,-0.07897
testosterone,-0.06955
tests,0.07114
texas,-0.22523
text,-0.24626
th,0.09179
thailand,-0.19582
thank,-0.36742
thanks,0.3343
theoretically,-0.15712
theory,-0.37887
therapeutic,0.02702
therapeutics,-0.29423
therapies,-0.06269
therapist,-0.21502
therapists,-0.59716
therapy,-0.13
thereby,0.33173
therefore,0.19267
thick,0.21989
thin,-0.23243
thing,-0.23468
things,-0.17353
think,-0.17772
thinking,-0.26619
thinks,-0.17609
thinner,-0.19528
thinners,-0.06922
thinning,-0.31579
third,-0.19964
thirds,-0.10949
thirty,-0.06922
thomas,-0.04225
thompson,0.1084
thoracic,0.3541
though,-0.22736
thought,-0.16362
thoughts,-0.26536
thousand,-0.39747
thousands,-0.24844
threat,-0.63613
threatening,-0.21024
three,-0.14976
threshold,-0.29239
thrilled,-0.0177
throat,-0.11623
throughout,0.01932
throw,-0.0177
thursday,0.02411
thus,0.04646
thyroid,0.34455
tied,-0.31256
ties,-0.44001
tim,-0.10452
time,-0.09244
times,-0.25559
timing,-0.19528
timor,-0.10452
timothy,-0.77232
tiny,-0.04646
tip,-0.70943
tips,-0.13779
tired,-0.26297
tissue,0.07538
tissues,0.15225
tobacco,-0.94128
tobago,-0.10452
today,-0.1404
together,-0.20491
toggle,-0.35141
togo,-0.10452
tokelau,-0.10452
told,-0.06114
tolerance,-0.23041
tolerate,-0.01293
tolerated,0.01063
toll,-0.06939
tom,-0.03922
tome,-0.10452
tomography,0.31539
tonga,-0.10452
tongue,0.10819
took,-0.12969
tool,-0.12498
tools,-0.07039
top,-0.20075
topic,-0.57451
topical,0.18854
toronto,-0.15837
total,0.00612
totally,0.05009
touch,0.04092
touched,-0.24626
touching,-0.19474
tough,-0.08639
touted,-0.29331
toward,0.04225
towards,-0.0177
toxic,-0.05924
toxicity,0.17652
toxins,-0.59437
trace,-0.06922
track,-0.06111
tracked,0.00269
tracking,-0.01782
tracks,-0.11535
tract,0.10968
trade,-0.08816
trading,-0.0177
traditional,0.17286
traditionally,-0.16742
train,0.18854
trained,0.09977
training,-0.05567
trains,-0.06922
traits,0.04066
transcranial,-0.29239
transfer,-0.11535
transferred,-0.59437
transform,0.34455
transfusion,-0.24626
transfusions,-0.19474
translate,-0.21793
translates,0.02848
translational,0.07438
transmission,-0.24626
transmitted,-0.22252
transplant,0.09179
transplantation,0.26442
transplanted,-0.29239
transplants,0.0854
trauma,-0.29608
traumatic,-0.13779
travel,-0.15837
traveled,0.26442
traveling,-0.54824
treat,-0.19815
treatable,0.02848
treated,-0.11667
treating,-0.22255
treatment,-0.04514
treatments,-0.06905
treats,-0.32171
tree,0.10882
tremendous,-0.13708
tremor,0.23387
tremors,-0.00666
trend,0.0854
trial,-0.13357
trials,-0.25217
trick,-0.63613
tricky,-0.29331
tried,-0.15555
trigger,-0.33052
triggered,-0.29423
triggering,0.15453
triggers,0.17652
triglycerides,-0.47035
trinidad,-0.13708
trip,-0.06939
triple,-0.33416
trouble,-0.18933
troubling,-0.33416
true,-0.3098
truly,-0.47408
trust,0.18955
try,-0.19665
trying,-0.05038
tube,-0.11292
tubes,-0.06939
tuesday,-0.01811
tufts,-0.32171
tumor,0.03481
tumors,0.02527
tunisia,-0.10452
turkey,-0.21502
turkmenistan,-0.10452
turks,-0.10452
turn,-0.00457
turned,-0.09539
turning,-0.14986
turns,-0.29797
tuvalu,-0.10452
tv,-0.21793
twenty,-0.26297
twice,-0.12036
twitter,-0.3281
two,-0.17954
type,-0.14814
types,0.0257
typical,-0.24522
typically,-0.14206
uc,0.23467
ucla,-0.01782
uganda,-0.22252
uk,0.22859
ukraine,-0.13708
ulcers,0.06664
ultimate,0.21468
ultimately,-0.11801
ultrasound,-0.07039
ultraviolet,0.78192
unable,-0.05345
uncertain,-0.96096
uncertainty,-0.33637
unclear,-0.28398
uncomfortable,0.17652
uncontrolled,-0.47035
undergo,-0.04766
undergoing,-0.12912
undergone,0.16902
underlying,-0.37887
understand,-0.23718
understanding,-0.11801
understood,-0.61459
underway,-0.12234
underwent,0.06345
unexpected,0.26229
unfortunately,-0.26296
unhealthy,-0.59437
unique,-0.24919
unit,-0.05812
united,-0.11001
units,-0.42012
university,-0.24322
unknown,-0.02803
unless,-0.10201
unlike,-0.08118
unlikely,-0.04265
unmet,0.41187
unnecessary,-0.22281
unpleasant,0.10882
unrelated,-0.0177
unsubscribe,-0.10452
unsuccessful,0.10819
untreated,-0.00673
unusual,-0.58487
unwanted,-0.24626
update,-0.37232
updated,-0.83289
updates,-0.34089
upon,-0.15837
upper,-0.10949
ups,0.02848
upset,-0.0177
urge,-0.52545
urged,-0.37361
urgent,0.34455
urgently,-0.19474
urges,-0.24626
urinary,0.20787
urine,-0.01093
urologist,0.25644
urology,-0.35605
uruguay,-0.10452
us,-0.04561
usa,-0.15413
use,-0.14656
used,0.0091
useful,0.05835
usefulness,-0.29239
user,0.07348
users,-0.25945
uses,0.11235
using,0.00745
uspstf,-0.33416
usual,-0.49358
usually,-0.18389
utah,0.20033
uterine,-0.19582
uterus,0.10947
utility,-0.59437
uv,0.04066
uzbekistan,-0.10452
va,-0.16742
vaccinated,-0.59437
vaccination,-0.40745
vaccine,-0.42482
vaccines,-0.58487
vaginal,-0.17805
valid,-0.35196
validated,0.10819
valley,0.02848
valuable,0.17448
value,-0.18799
valve,0.04066
vanderbilt,-0.77232
vanuatu,-0.10452
variant,-0.24626
variation,-0.34841
variations,-0.13708
varied,-0.40745
varies,-0.55065
variety,-0.04412
various,-0.06681
vary,-0.07005
varying,-0.19528
vascular,0.10947
vast,-0.12234
vegetable,0.27363
vegetables,-0.16225
vein,-0.15712
venezuela,-0.10452
venture,0.15453
verde,-0.10452
verify,-0.48782
version,-0.19637
versions,-0.69595
versus,-0.33357
vessel,-0.04832
vessels,0.0656
veterans,-0.27158
via,0.00485
viable,-0.22252
viagra,0.41129
vice,-0.1208
victims,-0.47035
video,-0.07005
videos,-0.6743
viet,-0.10452
view,-0.15094
viewed,0.24897
vincent,-0.04452
viral,0.10904
virgin,-0.13708
virginia,0.06274
virtual,0.15453
virtually,-0.44168
virus,-0.10219
viruses,0.06274
visible,-0.26297
vision,-0.09758
visit,-0.15263
visited,0.41129
visiting,-0.19474
visits,-0.11015
visual,-0.05529
vital,-0.17371
vitamin,-0.13325
vitamins,-0.2428
vitro,0.34455
voice,0.05667
volume,0.28212
volunteers,-0.1252
vomiting,-0.14711
voted,-0.54824
vs,-0.04832
vulnerable,-0.11015
waist,0.01054
wait,-0.06327
waited,-0.19474
waiting,-0.09688
wake,-0.12234
walk,0.08374
walked,-0.06955
walker,-0.59437
walking,0.00393
walks,0.33173
wall,0.03813
wallis,-0.10452
walls,0.20605
walnuts,-0.06922
walter,-0.6743
wang,-0.44001
want,-0.231
wanted,-0.16869
wants,-0.05529
war,-0.26297
ward,-0.19528
warfarin,0.04066
warm,-0.03123
warn,-0.19528
warned,-0.19746
warning,-0.2678
warns,0.23467
warrant,0.30257
warranted,-0.06922
wary,-0.33416
wash,0.04066
washington,-0.21181
waste,-0.0177
watch,-0.17299
watched,-0.03922
watching,-0.19582
water,-0.33744
wave,-0.29331
waves,0.01058
way,-0.11309
wayne,-0.59437
ways,-0.00814
weak,-0.29423
weakened,0.30257
weakness,-0.56926
wear,0.23791
wearing,-0.19636
wears,0.18854
webmd,-0.14539
website,-0.25696
wedding,-0.0177
wednesday,-0.1268
week,-0.08609
weekend,-0.13708
weekly,-0.29071
weeks,-0.14897
weigh,-0.77232
weighing,-0.19474
weight,-0.15535
weill,-0.29331
welcome,-0.17371
welcomed,-0.33416
well,-0.11381
wellness,-0.00666
went,0.0162
west,-0.29423
western,-0.19857
whatever,0.19058
wheat,-0.44001
whenever,0.16655
whereas,0.0879
whether,-0.28121
white,-0.09079
whole,-0.12988
whose,-0.15162
wide,-0.04412
widely,-0.32051
wider,-0.24772
widespread,-0.27532
wife,0.24897
william,-0.00942
willing,-0.18596
window,-0.05345
wine,0.04118
winter,0.15453
wire,0.25245
wires,-0.29239
wish,-0.54824
withdrawal,-0.77232
within,-0.09175
without,-0.16651
woke,-0.06922
woman,-0.12265
womb,-0.06922
women,-0.08176
wonder,-0.61872
wondered,0.10861
wonderful,-0.16742
wondering,-0.59437
word,-0.65585
words,-0.40998
wore,0.45659
work,-0.23696
worked,-0.2721
worker,0.10819
workers,-0.06955
working,-0.03779
works,-0.10466
world,-0.05824
worldwide,-0.16068
worn,0.41423
worried,-0.1459
worries,-0.55065
worrisome,-0.6743
worry,-0.2522
worse,-0.10616
worsen,-0.26297
worsening,0.27363
worst,0.04646
worth,-0.29712
worthwhile,-0.54824
would,-0.20798
wound,-0.19528
wounds,0.01054
write,-0.26934
writer,-0.55065
writes,-0.16452
writing,0.05714
written,-0.46226
wrong,-0.21024
wrote,-0.24177
wsj,-0.50411
www,0.13744
yale,-0.51891
year,-0.16951
yearly,0.07348
years,-0.17923
yeast,-0.0177
yemen,-0.10452
yervoy,-0.06922
yes,-0.27071
yet,-0.18671
yielded,-0.37232
yoga,-0.02567
yogurt,-0.15712
york,-0.36318
young,-0.24459
younger,-0.12581
youth,-0.15712
zambia,-0.10452
zealand,-0.23851
zero,-0.00181
zimbabwe,-0.13708
zone,-0.6743
